pitch,roll,elbow_p,elbow_yaw,hand_x,hand_z,x_osc,z_osc,qacc_max,stable,z_ok,x_ok,candidate
-3.0,-0.5,-1.0,0.0,0.0324,0.7098,0.0,2e-05,0.83,True,True,False,False
-3.0,-0.5,-1.0,0.5,-0.012,0.6722,0.0,2e-05,0.81,True,False,False,False
-3.0,-0.5,-1.0,1.0,-0.0429,0.6616,0.0,2e-05,0.81,True,False,False,False
-3.0,-0.5,-1.0,1.5,-0.0529,0.6806,0.0,1e-05,0.81,True,False,False,False
-3.0,-0.5,-1.0,2.0,-0.0396,0.7246,0.0,0.0,0.81,True,True,False,False
-3.0,-0.5,-0.5,0.0,0.0324,0.7099,1e-05,2e-05,0.83,True,True,False,False
-3.0,-0.5,-0.5,0.5,-0.0327,0.698,0.0,3e-05,0.81,True,True,False,False
-3.0,-0.5,-0.5,1.0,-0.0794,0.7067,0.0,3e-05,0.81,True,True,False,False
-3.0,-0.5,-0.5,1.5,-0.0962,0.7341,0.0,1e-05,0.81,True,True,False,False
-3.0,-0.5,-0.5,2.0,-0.0791,0.7736,0.0,0.0,0.81,True,True,False,False
-3.0,-0.5,0.0,0.0,0.0325,0.7099,0.0,3e-05,0.83,True,True,False,False
-3.0,-0.5,0.0,0.5,-0.0372,0.7288,0.0,3e-05,0.81,True,True,False,False
-3.0,-0.5,0.0,1.0,-0.0874,0.7609,0.0,3e-05,0.81,True,True,False,False
-3.0,-0.5,0.0,1.5,-0.1058,0.7984,0.0,2e-05,0.81,True,True,False,False
-3.0,-0.5,0.0,2.0,-0.0878,0.8323,0.0,0.0,0.81,True,True,False,False
-3.0,-0.5,0.5,0.0,0.0325,0.7099,0.0,3e-05,0.83,True,True,False,False
-3.0,-0.5,0.5,0.5,-0.0243,0.7571,0.0,3e-05,0.81,True,True,False,False
-3.0,-0.5,0.5,1.0,-0.0649,0.8108,0.0,4e-05,0.81,True,True,False,False
-3.0,-0.5,0.5,1.5,-0.0791,0.8578,0.0,2e-05,0.81,True,False,False,False
-3.0,-0.5,0.5,2.0,-0.0634,0.8865,0.0,0.0,0.81,True,False,False,False
-3.0,-0.5,1.0,0.0,0.0325,0.7098,0.0,3e-05,0.83,True,True,False,False
-3.0,-0.5,1.0,0.5,0.0028,0.7761,0.0,3e-05,0.83,True,True,False,False
-3.0,-0.5,1.0,1.0,-0.0172,0.8443,0.0,4e-05,0.81,True,True,False,False
-3.0,-0.5,1.0,1.5,-0.0226,0.8976,1e-05,3e-05,0.81,True,False,False,False
-3.0,-0.5,1.0,2.0,-0.0118,0.9229,0.0,1e-05,0.81,True,False,False,False
-3.0,-0.5,1.5,0.0,0.0325,0.7098,0.0,3e-05,0.83,True,True,False,False
-3.0,-0.5,1.5,0.5,0.0375,0.781,0.0,2e-05,0.84,True,True,False,False
-3.0,-0.5,1.5,1.0,0.0438,0.853,0.0,3e-05,0.81,True,False,False,False
-3.0,-0.5,1.5,1.5,0.05,0.9079,0.0,3e-05,0.81,True,False,False,False
-3.0,-0.5,1.5,2.0,0.0544,0.9323,0.0,1e-05,0.81,True,False,False,False
-3.0,-0.5,2.0,0.0,0.0325,0.7098,0.0,3e-05,0.83,True,True,False,False
-3.0,-0.5,2.0,0.5,0.0712,0.7706,0.0,2e-05,0.83,True,True,False,False
-3.0,-0.5,2.0,1.0,0.1033,0.8347,1e-05,3e-05,0.81,True,True,False,False
-3.0,-0.5,2.0,1.5,0.1206,0.8862,0.0,3e-05,0.81,True,False,False,False
-3.0,-0.5,2.0,2.0,0.1188,0.9124,0.0,1e-05,0.81,True,False,False,False
-3.0,0.0,-1.0,0.0,0.0563,0.8781,1e-05,3e-05,0.93,True,False,False,False
-3.0,0.0,-1.0,0.5,0.0094,0.824,0.0,3e-05,0.9,True,True,False,False
-3.0,0.0,-1.0,1.0,-0.0258,0.7839,0.0,3e-05,0.81,True,True,False,False
-3.0,0.0,-1.0,1.5,-0.0407,0.7675,0.0,2e-05,0.81,True,True,False,False
-3.0,0.0,-1.0,2.0,-0.032,0.7787,0.0,1e-05,0.81,True,True,False,False
-3.0,0.0,-0.5,0.0,0.0563,0.8782,1e-05,3e-05,0.93,True,False,False,False
-3.0,0.0,-0.5,0.5,-0.0109,0.8533,1e-05,3e-05,0.89,True,False,False,False
-3.0,0.0,-0.5,1.0,-0.0615,0.835,0.0,4e-05,0.81,True,True,False,False
-3.0,0.0,-0.5,1.5,-0.0831,0.8279,0.0,2e-05,0.81,True,True,False,False
-3.0,0.0,-0.5,2.0,-0.0706,0.8338,0.0,0.0,0.81,True,True,False,False
-3.0,0.0,0.0,0.0,0.0564,0.8782,0.0,3e-05,0.93,True,False,False,False
-3.0,0.0,0.0,0.5,-0.0147,0.8887,1e-05,4e-05,0.88,True,False,False,False
-3.0,0.0,0.0,1.0,-0.0684,0.897,1e-05,4e-05,0.81,True,False,False,False
-3.0,0.0,0.0,1.5,-0.0914,0.9014,0.0,2e-05,0.81,True,False,False,False
-3.0,0.0,0.0,2.0,-0.0781,0.9009,0.0,0.0,0.81,True,False,False,False
-3.0,0.0,0.5,0.0,0.0565,0.8782,0.0,3e-05,0.93,True,False,False,False
-3.0,0.0,0.5,0.5,-0.001,0.9215,0.0,3e-05,0.89,True,False,False,False
-3.0,0.0,0.5,1.0,-0.0446,0.9549,1e-05,4e-05,0.81,True,False,False,False
-3.0,0.0,0.5,1.5,-0.0633,0.9701,1e-05,2e-05,0.81,True,False,False,False
-3.0,0.0,0.5,2.0,-0.0525,0.9634,0.0,0.0,0.81,True,False,False,False
-3.0,0.0,1.0,0.0,0.0564,0.8782,0.0,3e-05,0.93,True,False,False,False
-3.0,0.0,1.0,0.5,0.0266,0.9438,0.0,3e-05,0.9,True,False,False,False
-3.0,0.0,1.0,1.0,0.004,0.9943,1e-05,3e-05,0.81,True,False,False,False
-3.0,0.0,1.0,1.5,-0.0056,1.0169,1e-05,2e-05,0.81,True,False,False,False
-3.0,0.0,1.0,2.0,0.0001,1.006,0.0,1e-05,0.81,True,False,False,False
-3.0,0.0,1.5,0.0,0.0564,0.8782,0.0,3e-05,0.94,True,False,False,False
-3.0,0.0,1.5,0.5,0.0616,0.9501,0.0,2e-05,0.9,True,False,False,False
-3.0,0.0,1.5,1.0,0.0657,1.0054,0.0,3e-05,0.81,True,False,False,False
-3.0,0.0,1.5,1.5,0.0676,1.0301,0.0,2e-05,0.81,True,False,False,False
-3.0,0.0,1.5,2.0,0.0668,1.0181,0.0,1e-05,0.81,True,False,False,False
-3.0,0.0,2.0,0.0,0.0564,0.8782,0.0,3e-05,0.93,True,False,False,False
-3.0,0.0,2.0,0.5,0.0953,0.9389,0.0,3e-05,0.9,True,False,False,False
-3.0,0.0,2.0,1.0,0.1251,0.9856,0.0,3e-05,0.81,True,False,False,False
-3.0,0.0,2.0,1.5,0.1381,1.0065,0.0,2e-05,0.81,True,False,False,False
-3.0,0.0,2.0,2.0,0.131,0.9966,0.0,1e-05,0.81,True,False,False,False
-3.0,0.5,-1.0,0.0,0.081,1.0491,0.0,2e-05,0.81,True,False,False,False
-3.0,0.5,-1.0,0.5,0.0336,0.993,0.0,2e-05,0.81,True,False,False,False
-3.0,0.5,-1.0,1.0,-0.0045,0.9338,1e-05,3e-05,0.81,True,False,False,False
-3.0,0.5,-1.0,1.5,-0.024,0.886,0.0,3e-05,0.81,True,False,False,False
-3.0,0.5,-1.0,2.0,-0.0203,0.8612,0.0,1e-05,0.81,True,False,False,False
-3.0,0.5,-0.5,0.0,0.081,1.0492,0.0,2e-05,0.81,True,False,False,False
-3.0,0.5,-0.5,0.5,0.0128,1.0194,1e-05,2e-05,0.81,True,False,False,False
-3.0,0.5,-0.5,1.0,-0.041,0.9799,1e-05,3e-05,0.81,True,False,False,False
-3.0,0.5,-0.5,1.5,-0.0672,0.9404,0.0,2e-05,0.81,True,False,False,False
-3.0,0.5,-0.5,2.0,-0.0597,0.9108,0.0,0.0,0.81,True,False,False,False
-3.0,0.5,0.0,0.0,0.0811,1.0492,0.0,2e-05,0.81,True,False,False,False
-3.0,0.5,0.0,0.5,0.0085,1.0509,1e-05,3e-05,0.81,True,False,False,False
-3.0,0.5,0.0,1.0,-0.0488,1.0352,1e-05,3e-05,0.81,True,False,False,False
-3.0,0.5,0.0,1.5,-0.0766,1.0059,0.0,1e-05,0.81,True,False,False,False
-3.0,0.5,0.0,2.0,-0.0682,0.9703,0.0,0.0,0.81,True,False,False,False
-3.0,0.5,0.5,0.0,0.0812,1.0492,0.0,2e-05,0.81,True,False,False,False
-3.0,0.5,0.5,0.5,0.0217,1.08,0.0,2e-05,0.81,True,False,False,False
-3.0,0.5,0.5,1.0,-0.0259,1.0862,1e-05,2e-05,0.81,True,False,False,False
-3.0,0.5,0.5,1.5,-0.0495,1.0663,0.0,1e-05,0.81,True,False,False,False
-3.0,0.5,0.5,2.0,-0.0435,1.0253,0.0,0.0,0.81,True,False,False,False
-3.0,0.5,1.0,0.0,0.0812,1.0491,0.0,2e-05,0.81,True,False,False,False
-3.0,0.5,1.0,0.5,0.0491,1.0993,0.0,2e-05,0.81,True,False,False,False
-3.0,0.5,1.0,1.0,0.0222,1.1203,1e-05,2e-05,0.81,True,False,False,False
-3.0,0.5,1.0,1.5,0.0074,1.1068,0.0,1e-05,0.81,True,False,False,False
-3.0,0.5,1.0,2.0,0.0083,1.0621,0.0,0.0,0.81,True,False,False,False
-3.0,0.5,1.5,0.0,0.0811,1.0491,0.0,2e-05,0.81,True,False,False,False
-3.0,0.5,1.5,0.5,0.084,1.1043,0.0,2e-05,0.81,True,False,False,False
-3.0,0.5,1.5,1.0,0.0837,1.1292,0.0,1e-05,0.81,True,False,False,False
-3.0,0.5,1.5,1.5,0.0803,1.1173,0.0,1e-05,0.81,True,False,False,False
-3.0,0.5,1.5,2.0,0.0746,1.0716,0.0,0.0,0.81,True,False,False,False
-3.0,0.5,2.0,0.0,0.0811,1.0492,0.0,2e-05,0.81,True,False,False,False
-3.0,0.5,2.0,0.5,0.1179,1.0938,0.0,2e-05,0.81,True,False,False,False
-3.0,0.5,2.0,1.0,0.1434,1.1105,0.0,2e-05,0.81,True,False,False,False
-3.0,0.5,2.0,1.5,0.1511,1.0951,0.0,1e-05,0.81,True,False,False,False
-3.0,0.5,2.0,2.0,0.1391,1.0514,0.0,0.0,0.81,True,False,False,False
-3.0,1.0,-1.0,0.0,0.1003,1.18,1e-05,1e-05,0.81,True,False,False,False
-3.0,1.0,-1.0,0.5,0.0546,1.1373,0.0,1e-05,0.81,True,False,False,False
-3.0,1.0,-1.0,1.0,0.0158,1.0747,1e-05,2e-05,0.81,True,False,False,False
-3.0,1.0,-1.0,1.5,-0.0066,1.0075,0.0,2e-05,0.81,True,False,False,False
-3.0,1.0,-1.0,2.0,-0.0072,0.9524,0.0,1e-05,0.81,True,False,False,False
-3.0,1.0,-0.5,0.0,0.1003,1.1801,1e-05,1e-05,0.81,True,False,False,False
-3.0,1.0,-0.5,0.5,0.0325,1.1551,0.0,1e-05,0.81,True,False,False,False
-3.0,1.0,-0.5,1.0,-0.0229,1.1057,1e-05,1e-05,0.81,True,False,False,False
-3.0,1.0,-0.5,1.5,-0.0524,1.0441,1e-05,1e-05,0.81,True,False,False,False
-3.0,1.0,-0.5,2.0,-0.049,0.9856,0.0,0.0,0.81,True,False,False,False
-3.0,1.0,0.0,0.0,0.1003,1.1801,0.0,1e-05,0.81,True,False,False,False
-3.0,1.0,0.0,0.5,0.0265,1.1752,0.0,1e-05,0.81,True,False,False,False
-3.0,1.0,0.0,1.0,-0.0336,1.1408,1e-05,1e-05,0.81,True,False,False,False
-3.0,1.0,0.0,1.5,-0.0651,1.0857,1e-05,1e-05,0.81,True,False,False,False
-3.0,1.0,0.0,2.0,-0.0605,1.0234,0.0,0.0,0.81,True,False,False,False
-3.0,1.0,0.5,0.0,0.1003,1.1801,0.0,1e-05,0.81,True,False,False,False
-3.0,1.0,0.5,0.5,0.0381,1.1927,0.0,1e-05,0.81,True,False,False,False
-3.0,1.0,0.5,1.0,-0.0135,1.1716,0.0,1e-05,0.81,True,False,False,False
-3.0,1.0,0.5,1.5,-0.0414,1.1221,0.0,0.0,0.81,True,False,False,False
-3.0,1.0,0.5,2.0,-0.0389,1.0564,0.0,0.0,0.81,True,False,False,False
-3.0,1.0,1.0,0.0,0.1003,1.1801,0.0,1e-05,0.81,True,False,False,False
-3.0,1.0,1.0,0.5,0.0643,1.2034,0.0,0.0,0.81,True,False,False,False
-3.0,1.0,1.0,1.0,0.0325,1.1904,0.0,0.0,0.81,True,False,False,False
-3.0,1.0,1.0,1.5,0.013,1.1443,0.0,0.0,0.81,True,False,False,False
-3.0,1.0,1.0,2.0,0.0106,1.0766,0.0,0.0,0.81,True,False,False,False
-3.0,1.0,1.5,0.0,0.1003,1.1801,0.0,1e-05,0.81,True,False,False,False
-3.0,1.0,1.5,0.5,0.0988,1.2046,0.0,0.0,0.81,True,False,False,False
-3.0,1.0,1.5,1.0,0.0931,1.1926,0.0,0.0,0.81,True,False,False,False
-3.0,1.0,1.5,1.5,0.0848,1.1469,0.0,0.0,0.81,True,False,False,False
-3.0,1.0,1.5,2.0,0.0764,1.0726,3e-05,0.00015,0.81,True,False,False,False
-3.0,1.0,2.0,0.0,0.1003,1.1801,0.0,1e-05,0.81,True,False,False,False
-3.0,1.0,2.0,0.5,0.1331,1.1961,1e-05,0.0,0.81,True,False,False,False
-3.0,1.0,2.0,1.0,0.1534,1.1776,1e-05,0.0,0.81,True,False,False,False
-3.0,1.0,2.0,1.5,0.1562,1.1291,0.0,0.0,0.81,True,False,False,False
-3.0,1.0,2.0,2.0,0.1408,1.0628,0.0,0.0,0.81,True,False,False,False
-3.0,1.5,-1.0,0.0,0.1087,1.237,0.0,0.0,0.81,True,False,False,False
-3.0,1.5,-1.0,0.5,0.0667,1.22,0.0,0.0,0.81,True,False,False,False
-3.0,1.5,-1.0,1.0,0.0298,1.1707,0.0,0.0,0.81,True,False,False,False
-3.0,1.5,-1.0,1.5,0.007,1.1014,0.0,0.0,0.81,True,False,False,False
-3.0,1.5,-1.0,2.0,0.0038,1.0292,0.0,0.0,0.81,True,False,False,False
-3.0,1.5,-0.5,0.0,0.1087,1.237,0.0,0.0,0.81,True,False,False,False
-3.0,1.5,-0.5,0.5,0.0428,1.2254,0.0,0.0,0.81,True,False,False,False
-3.0,1.5,-0.5,1.0,-0.0121,1.1802,0.0,0.0,0.81,True,False,False,False
-3.0,1.5,-0.5,1.5,-0.0426,1.1126,0.0,0.0,0.81,True,False,False,False
-3.0,1.5,-0.5,2.0,-0.0412,1.0393,0.0,0.0,0.81,True,False,False,False
-3.0,1.5,0.0,0.0,0.1087,1.237,0.0,0.0,0.81,True,False,False,False
-3.0,1.5,0.0,0.5,0.0344,1.2292,0.0,0.0,0.81,True,False,False,False
-3.0,1.5,0.0,1.0,-0.0269,1.1868,0.0,0.0,0.81,True,False,False,False
-3.0,1.5,0.0,1.5,-0.0601,1.1204,0.0,0.0,0.81,True,False,False,False
-3.0,1.5,0.0,2.0,-0.0571,1.0464,0.0,0.0,0.81,True,False,False,False
-3.0,1.5,0.5,0.0,0.1087,1.237,0.0,0.0,0.81,True,False,False,False
-3.0,1.5,0.5,0.5,0.0435,1.2304,0.0,0.0,0.81,True,False,False,False
-3.0,1.5,0.5,1.0,-0.0109,1.1889,0.0,0.0,0.81,True,False,False,False
-3.0,1.5,0.5,1.5,-0.0412,1.1228,0.0,0.0,0.81,True,False,False,False
-3.0,1.5,0.5,2.0,-0.0399,1.0486,0.0,0.0,0.81,True,False,False,False
-3.0,1.5,1.0,0.0,0.1087,1.237,0.0,0.0,0.81,True,False,False,False
-3.0,1.5,1.0,0.5,0.068,1.2287,0.0,0.0,0.81,True,False,False,False
-3.0,1.5,1.0,1.0,0.032,1.1859,0.0,0.0,0.81,True,False,False,False
-3.0,1.5,1.0,1.5,-0.0058,1.1262,4e-05,2e-05,0.81,True,False,False,False
-3.0,1.5,1.0,2.0,-0.009,1.0401,7e-05,0.00011,0.81,True,False,False,False
-3.0,1.5,1.5,0.0,0.1087,1.237,0.0,0.0,0.81,True,False,False,False
-3.0,1.5,1.5,0.5,0.1017,1.2246,0.0,0.0,0.81,True,False,False,False
-3.0,1.5,1.5,1.0,0.0911,1.1791,1e-05,0.0,0.81,True,False,False,False
-3.0,1.5,1.5,1.5,0.0943,1.1657,4e-05,0.00013,0.81,True,False,False,False
-3.0,1.5,1.5,2.0,0.0658,0.9975,4e-05,3e-05,0.93,True,False,False,False
-3.0,1.5,2.0,0.0,0.1087,1.237,0.0,0.0,0.81,True,False,False,False
-3.0,1.5,2.0,0.5,0.1366,1.219,0.0,0.0,0.81,True,False,False,False
-3.0,1.5,2.0,1.0,0.1522,1.169,1e-05,0.0,0.81,True,False,False,False
-3.0,1.5,2.0,1.5,0.1688,1.1015,4e-05,2e-05,0.81,True,False,False,False
-3.0,1.5,2.0,2.0,0.1489,1.0189,8e-05,9e-05,0.81,True,False,False,False
-2.5,-0.5,-1.0,0.0,-0.047,0.7435,1e-05,1e-05,0.81,True,True,False,False
-2.5,-0.5,-1.0,0.5,-0.1039,0.7313,1e-05,1e-05,0.81,True,True,False,False
-2.5,-0.5,-1.0,1.0,-0.1363,0.7365,1e-05,1e-05,0.81,True,True,False,False
-2.5,-0.5,-1.0,1.5,-0.1362,0.7578,0.0,1e-05,0.81,True,True,False,False
-2.5,-0.5,-1.0,2.0,-0.1036,0.7902,0.0,0.0,0.81,True,True,False,False
-2.5,-0.5,-0.5,0.0,-0.0469,0.7435,1e-05,2e-05,0.81,True,True,False,False
-2.5,-0.5,-0.5,0.5,-0.1099,0.7639,1e-05,2e-05,0.81,True,True,False,False
-2.5,-0.5,-0.5,1.0,-0.1469,0.7937,1e-05,2e-05,0.81,True,True,False,False
-2.5,-0.5,-0.5,1.5,-0.1488,0.8257,0.0,1e-05,0.81,True,True,False,False
-2.5,-0.5,-0.5,2.0,-0.115,0.8522,0.0,0.0,0.81,True,False,False,False
-2.5,-0.5,0.0,0.0,-0.0469,0.7434,1e-05,2e-05,0.81,True,True,False,False
-2.5,-0.5,0.0,0.5,-0.0991,0.7932,1e-05,2e-05,0.81,True,True,False,False
-2.5,-0.5,0.0,1.0,-0.1281,0.8453,1e-05,3e-05,0.81,True,True,False,False
-2.5,-0.5,0.0,1.5,-0.1265,0.8871,1e-05,1e-05,0.81,True,False,False,False
-2.5,-0.5,0.0,2.0,-0.0946,0.9082,0.0,0.0,0.81,True,False,False,False
-2.5,-0.5,0.5,0.0,-0.0469,0.7434,1e-05,2e-05,0.81,True,True,False,False
-2.5,-0.5,0.5,0.5,-0.0743,0.812,1e-05,2e-05,0.81,True,True,False,False
-2.5,-0.5,0.5,1.0,-0.0844,0.8787,2e-05,3e-05,0.81,True,False,False,False
-2.5,-0.5,0.5,1.5,-0.0746,0.9267,1e-05,2e-05,0.81,True,False,False,False
-2.5,-0.5,0.5,2.0,-0.0472,0.9443,0.0,0.0,0.81,True,False,False,False
-2.5,-0.5,1.0,0.0,-0.0469,0.7434,1e-05,2e-05,0.81,True,True,False,False
-2.5,-0.5,1.0,0.5,-0.0414,0.8159,1e-05,2e-05,0.81,True,True,False,False
-2.5,-0.5,1.0,1.0,-0.0265,0.8854,2e-05,2e-05,0.81,True,False,False,False
-2.5,-0.5,1.0,1.5,-0.0058,0.9347,2e-05,2e-05,0.81,True,False,False,False
-2.5,-0.5,1.0,2.0,0.0156,0.9516,1e-05,1e-05,0.81,True,False,False,False
-2.5,-0.5,1.5,0.0,-0.0469,0.7434,1e-05,2e-05,0.81,True,True,False,False
-2.5,-0.5,1.5,0.5,-0.0086,0.8037,1e-05,2e-05,0.81,True,True,False,False
-2.5,-0.5,1.5,1.0,0.0313,0.8639,2e-05,2e-05,0.81,True,False,False,False
-2.5,-0.5,1.5,1.5,0.0629,0.9091,1e-05,2e-05,0.81,True,False,False,False
-2.5,-0.5,1.5,2.0,0.0782,0.9282,1e-05,1e-05,0.81,True,False,False,False
-2.5,-0.5,2.0,0.0,-0.0469,0.7435,1e-05,2e-05,0.81,True,True,False,False
-2.5,-0.5,2.0,0.5,0.0162,0.7785,1e-05,2e-05,0.81,True,True,False,False
-2.5,-0.5,2.0,1.0,0.0748,0.8194,2e-05,2e-05,0.81,True,True,False,False
-2.5,-0.5,2.0,1.5,0.1145,0.8562,1e-05,2e-05,0.81,True,False,False,False
-2.5,-0.5,2.0,2.0,0.1252,0.88,0.0,1e-05,0.81,True,False,False,False
-2.5,0.0,-1.0,0.0,0.0544,0.8803,1e-05,2e-05,0.81,True,False,False,False
-2.5,0.0,-1.0,0.5,-0.0127,0.8553,1e-05,2e-05,0.81,True,False,False,False
-2.5,0.0,-1.0,1.0,-0.0629,0.8366,2e-05,2e-05,0.81,True,True,False,False
-2.5,0.0,-1.0,1.5,-0.0842,0.8291,1e-05,2e-05,0.81,True,True,False,False
-2.5,0.0,-1.0,2.0,-0.0712,0.8346,0.0,0.0,0.81,True,True,False,False
-2.5,0.0,-0.5,0.0,0.0545,0.8804,2e-05,2e-05,0.81,True,False,False,False
-2.5,0.0,-0.5,0.5,-0.0165,0.8906,2e-05,2e-05,0.81,True,False,False,False
-2.5,0.0,-0.5,1.0,-0.0699,0.8987,2e-05,3e-05,0.81,True,False,False,False
-2.5,0.0,-0.5,1.5,-0.0924,0.9026,1e-05,2e-05,0.81,True,False,False,False
-2.5,0.0,-0.5,2.0,-0.0787,0.9017,0.0,0.0,0.81,True,False,False,False
-2.5,0.0,0.0,0.0,0.0545,0.8803,2e-05,2e-05,0.81,True,False,False,False
-2.5,0.0,0.0,0.5,-0.0029,0.9235,2e-05,2e-05,0.81,True,False,False,False
-2.5,0.0,0.0,1.0,-0.0461,0.9565,2e-05,3e-05,0.81,True,False,False,False
-2.5,0.0,0.0,1.5,-0.0644,0.9713,1e-05,1e-05,0.81,True,False,False,False
-2.5,0.0,0.0,2.0,-0.0531,0.9642,0.0,0.0,0.81,True,False,False,False
-2.5,0.0,0.5,0.0,0.0545,0.8803,2e-05,2e-05,0.81,True,False,False,False
-2.5,0.0,0.5,0.5,0.0248,0.9458,2e-05,2e-05,0.81,True,False,False,False
-2.5,0.0,0.5,1.0,0.0025,0.9959,2e-05,2e-05,0.81,True,False,False,False
-2.5,0.0,0.5,1.5,-0.0067,1.0181,1e-05,1e-05,0.81,True,False,False,False
-2.5,0.0,0.5,2.0,-0.0005,1.0068,0.0,0.0,0.81,True,False,False,False
-2.5,0.0,1.0,0.0,0.0545,0.8803,2e-05,2e-05,0.81,True,False,False,False
-2.5,0.0,1.0,0.5,0.0598,0.9521,1e-05,2e-05,0.81,True,False,False,False
-2.5,0.0,1.0,1.0,0.0642,1.007,2e-05,2e-05,0.81,True,False,False,False
-2.5,0.0,1.0,1.5,0.0665,1.0313,1e-05,1e-05,0.81,True,False,False,False
-2.5,0.0,1.0,2.0,0.0661,1.0189,0.0,0.0,0.81,True,False,False,False
-2.5,0.0,1.5,0.0,0.0544,0.8803,1e-05,2e-05,0.81,True,False,False,False
-2.5,0.0,1.5,0.5,0.0935,0.9409,1e-05,2e-05,0.81,True,False,False,False
-2.5,0.0,1.5,1.0,0.1236,0.9872,1e-05,2e-05,0.81,True,False,False,False
-2.5,0.0,1.5,1.5,0.137,1.0077,1e-05,1e-05,0.81,True,False,False,False
-2.5,0.0,1.5,2.0,0.1304,0.9974,0.0,1e-05,0.81,True,False,False,False
-2.5,0.0,2.0,0.0,0.0544,0.8803,1e-05,2e-05,0.81,True,False,False,False
-2.5,0.0,2.0,0.5,0.1177,0.9149,1e-05,2e-05,0.81,True,False,False,False
-2.5,0.0,2.0,1.0,0.1661,0.9413,2e-05,2e-05,0.81,True,False,False,False
-2.5,0.0,2.0,1.5,0.1874,0.9532,1e-05,2e-05,0.81,True,False,False,False
-2.5,0.0,2.0,2.0,0.1763,0.9477,0.0,1e-05,0.81,True,False,False,False
-2.5,0.5,-1.0,0.0,0.1584,1.018,1e-05,1e-05,0.81,True,False,False,False
-2.5,0.5,-1.0,0.5,0.0898,0.9918,1e-05,1e-05,0.81,True,False,False,False
-2.5,0.5,-1.0,1.0,0.0278,0.9582,2e-05,2e-05,0.81,True,False,False,False
-2.5,0.5,-1.0,1.5,-0.0125,0.9255,1e-05,2e-05,0.81,True,False,False,False
-2.5,0.5,-1.0,2.0,-0.0213,0.9018,0.0,1e-05,0.81,True,False,False,False
-2.5,0.5,-0.5,0.0,0.1585,1.018,1e-05,1e-05,0.81,True,False,False,False
-2.5,0.5,-0.5,0.5,0.0844,1.0248,1e-05,1e-05,0.81,True,False,False,False
-2.5,0.5,-0.5,1.0,0.0181,1.0161,2e-05,2e-05,0.81,True,False,False,False
-2.5,0.5,-0.5,1.5,-0.0242,0.994,1e-05,1e-05,0.81,True,False,False,False
-2.5,0.5,-0.5,2.0,-0.032,0.9642,0.0,0.0,0.81,True,False,False,False
-2.5,0.5,0.0,0.0,0.1585,1.018,1e-05,1e-05,0.81,True,False,False,False
-2.5,0.5,0.0,0.5,0.0958,1.0545,1e-05,1e-05,0.81,True,False,False,False
-2.5,0.5,0.0,1.0,0.0379,1.0683,2e-05,2e-05,0.81,True,False,False,False
-2.5,0.5,0.0,1.5,-0.0008,1.0559,1e-05,1e-05,0.81,True,False,False,False
-2.5,0.5,0.0,2.0,-0.0107,1.0205,0.0,0.0,0.81,True,False,False,False
-2.5,0.5,0.5,0.0,0.1585,1.0179,1e-05,1e-05,0.81,True,False,False,False
-2.5,0.5,0.5,0.5,0.1213,1.0735,1e-05,1e-05,0.81,True,False,False,False
-2.5,0.5,0.5,1.0,0.0826,1.1018,1e-05,1e-05,0.81,True,False,False,False
-2.5,0.5,0.5,1.5,0.0522,1.0957,1e-05,1e-05,0.81,True,False,False,False
-2.5,0.5,0.5,2.0,0.0374,1.0567,0.0,0.0,0.81,True,False,False,False
-2.5,0.5,1.0,0.0,0.1585,1.0179,1e-05,1e-05,0.81,True,False,False,False
-2.5,0.5,1.0,0.5,0.1546,1.0772,1e-05,1e-05,0.81,True,False,False,False
-2.5,0.5,1.0,1.0,0.1413,1.1083,1e-05,1e-05,0.81,True,False,False,False
-2.5,0.5,1.0,1.5,0.1216,1.1035,1e-05,1e-05,0.81,True,False,False,False
-2.5,0.5,1.0,2.0,0.1006,1.0638,0.0,0.0,0.81,True,False,False,False
-2.5,0.5,1.5,0.0,0.1584,1.018,1e-05,1e-05,0.81,True,False,False,False
-2.5,0.5,1.5,0.5,0.1876,1.0647,1e-05,1e-05,0.81,True,False,False,False
-2.5,0.5,1.5,1.0,0.1993,1.0863,1e-05,1e-05,0.81,True,False,False,False
-2.5,0.5,1.5,1.5,0.1905,1.0774,1e-05,0.0,0.81,True,False,False,False
-2.5,0.5,1.5,2.0,0.1633,1.0401,0.0,0.0,0.81,True,False,False,False
-2.5,0.5,2.0,0.0,0.1584,1.018,1e-05,1e-05,0.81,True,False,False,False
-2.5,0.5,2.0,0.5,0.2122,1.0391,1e-05,1e-05,0.81,True,False,False,False
-2.5,0.5,2.0,1.0,0.2425,1.0412,1e-05,1e-05,0.81,True,False,False,False
-2.5,0.5,2.0,1.5,0.2416,1.0238,0.0,1e-05,0.81,True,False,False,False
-2.5,0.5,2.0,2.0,0.2099,0.9914,0.0,0.0,0.81,True,False,False,False
-2.5,1.0,-1.0,0.0,0.2388,1.1224,1e-05,1e-05,0.81,True,False,False,False
-2.5,1.0,-1.0,0.5,0.1782,1.1073,1e-05,0.0,0.81,True,False,False,False
-2.5,1.0,-1.0,1.0,0.1139,1.0713,1e-05,1e-05,0.81,True,False,False,False
-2.5,1.0,-1.0,1.5,0.0616,1.0234,1e-05,1e-05,0.81,True,False,False,False
-2.5,1.0,-1.0,2.0,0.0342,0.9753,0.0,0.0,0.81,True,False,False,False
-2.5,1.0,-0.5,0.0,0.2388,1.1224,1e-05,1e-05,0.81,True,False,False,False
-2.5,1.0,-0.5,0.5,0.1676,1.1335,1e-05,1e-05,0.81,True,False,False,False
-2.5,1.0,-0.5,1.0,0.095,1.1172,1e-05,0.0,0.81,True,False,False,False
-2.5,1.0,-0.5,1.5,0.0391,1.0776,1e-05,0.0,0.81,True,False,False,False
-2.5,1.0,-0.5,2.0,0.0137,1.0246,0.0,0.0,0.81,True,False,False,False
-2.5,1.0,0.0,0.0,0.2388,1.1224,1e-05,1e-05,0.81,True,False,False,False
-2.5,1.0,0.0,0.5,0.1721,1.1538,1e-05,1e-05,0.81,True,False,False,False
-2.5,1.0,0.0,1.0,0.1028,1.153,0.0,0.0,0.81,True,False,False,False
-2.5,1.0,0.0,1.5,0.0482,1.1201,0.0,0.0,0.81,True,False,False,False
-2.5,1.0,0.0,2.0,0.0219,1.0632,0.0,0.0,0.81,True,False,False,False
-2.5,1.0,0.5,0.0,0.2388,1.1224,1e-05,1e-05,0.81,True,False,False,False
-2.5,1.0,0.5,0.5,0.1906,1.1635,1e-05,1e-05,0.81,True,False,False,False
-2.5,1.0,0.5,1.0,0.1353,1.1701,1e-05,1e-05,0.81,True,False,False,False
-2.5,1.0,0.5,1.5,0.0867,1.1403,1e-05,0.0,0.81,True,False,False,False
-2.5,1.0,0.5,2.0,0.0568,1.0816,0.0,0.0,0.81,True,False,False,False
-2.5,1.0,1.0,0.0,0.2388,1.1224,1e-05,1e-05,0.81,True,False,False,False
-2.5,1.0,1.0,0.5,0.2186,1.1601,2e-05,1e-05,0.81,True,False,False,False
-2.5,1.0,1.0,1.0,0.1846,1.1641,1e-05,1e-05,0.81,True,False,False,False
-2.5,1.0,1.0,1.5,0.1451,1.1332,1e-05,0.0,0.81,True,False,False,False
-2.5,1.0,1.0,2.0,0.1116,1.0742,5e-05,0.0001,0.81,True,False,False,False
-2.5,1.0,1.5,0.0,0.2388,1.1224,1e-05,1e-05,0.81,True,False,False,False
-2.5,1.0,1.5,0.5,0.2493,1.1445,2e-05,1e-05,0.81,True,False,False,False
-2.5,1.0,1.5,1.0,0.2385,1.1366,2e-05,1e-05,0.81,True,False,False,False
-2.5,1.0,1.5,1.5,0.209,1.1006,1e-05,0.0,0.81,True,False,False,False
-2.5,1.0,1.5,2.0,0.1681,1.0456,0.0,0.0,0.81,True,False,False,False
-2.5,1.0,2.0,0.0,0.2388,1.1224,1e-05,1e-05,0.81,True,False,False,False
-2.5,1.0,2.0,0.5,0.2752,1.1204,1e-05,2e-05,0.81,True,False,True,False
-2.5,1.0,2.0,1.0,0.2839,1.0942,1e-05,2e-05,0.81,True,False,True,False
-2.5,1.0,2.0,1.5,0.2627,1.0505,1e-05,1e-05,0.81,True,False,True,False
-2.5,1.0,2.0,2.0,0.2171,1.0001,0.0,0.0,0.81,True,False,False,False
-2.5,1.5,-1.0,0.0,0.2739,1.1676,1e-05,1e-05,0.81,True,False,True,False
-2.5,1.5,-1.0,0.5,0.229,1.1732,1e-05,1e-05,0.81,True,False,False,False
-2.5,1.5,-1.0,1.0,0.1728,1.1481,1e-05,1e-05,0.81,True,False,False,False
-2.5,1.5,-1.0,1.5,0.1191,1.0987,1e-05,0.0,0.81,True,False,False,False
-2.5,1.5,-1.0,2.0,0.0811,1.037,0.0,0.0,0.81,True,False,False,False
-2.5,1.5,-0.5,0.0,0.2739,1.1675,1e-05,1e-05,0.81,True,False,True,False
-2.5,1.5,-0.5,0.5,0.2108,1.1895,1e-05,1e-05,0.81,True,False,False,False
-2.5,1.5,-0.5,1.0,0.1407,1.1768,1e-05,0.0,0.81,True,False,False,False
-2.5,1.5,-0.5,1.5,0.0811,1.1325,1e-05,0.0,0.81,True,False,False,False
-2.5,1.5,-0.5,2.0,0.0466,1.0677,0.0,0.0,0.81,True,False,False,False
-2.5,1.5,0.0,0.0,0.2739,1.1675,1e-05,1e-05,0.81,True,False,True,False
-2.5,1.5,0.0,0.5,0.2053,1.1968,1e-05,1e-05,0.81,True,False,False,False
-2.5,1.5,0.0,1.0,0.131,1.1897,1e-05,0.0,0.81,True,False,False,False
-2.5,1.5,0.0,1.5,0.0696,1.1478,1e-05,0.0,0.81,True,False,False,False
-2.5,1.5,0.0,2.0,0.0361,1.0816,1e-05,0.0,0.81,True,False,False,False
-2.5,1.5,0.5,0.0,0.2739,1.1675,1e-05,1e-05,0.81,True,False,True,False
-2.5,1.5,0.5,0.5,0.2138,1.1934,1e-05,1e-05,0.81,True,False,False,False
-2.5,1.5,0.5,1.0,0.146,1.1837,1e-05,0.0,0.81,True,False,False,False
-2.5,1.5,0.5,1.5,0.0873,1.1407,1e-05,0.0,0.81,True,False,False,False
-2.5,1.5,0.5,2.0,0.0457,1.0756,1e-05,4e-05,0.81,True,False,False,False
-2.5,1.5,1.0,0.0,0.2739,1.1676,1e-05,1e-05,0.81,True,False,True,False
-2.5,1.5,1.0,0.5,0.2343,1.1801,1e-05,1e-05,0.81,True,False,False,False
-2.5,1.5,1.0,1.0,0.1821,1.1603,2e-05,1e-05,0.81,True,False,False,False
-2.5,1.5,1.0,1.5,0.157,1.1271,1e-05,8e-05,0.81,True,False,False,False
-2.5,1.5,1.0,2.0,0.0749,0.9987,1e-05,2e-05,0.81,True,False,False,False
-2.5,1.5,1.5,0.0,0.2739,1.1676,1e-05,1e-05,0.81,True,False,True,False
-2.5,1.5,1.5,0.5,0.2618,1.1601,2e-05,1e-05,0.81,True,False,True,False
-2.5,1.5,1.5,1.0,0.2303,1.1252,2e-05,1e-05,0.81,True,False,False,False
-2.5,1.5,1.5,1.5,0.1872,1.0716,1e-05,1e-05,0.81,True,False,False,False
-2.5,1.5,1.5,2.0,0.1502,1.0042,1e-05,3e-05,0.81,True,False,False,False
-2.5,1.5,2.0,0.0,0.2739,1.1676,1e-05,1e-05,0.81,True,False,True,False
-2.5,1.5,2.0,0.5,0.2894,1.1383,1e-05,1e-05,0.81,True,False,True,False
-2.5,1.5,2.0,1.0,0.2788,1.0871,2e-05,2e-05,0.81,True,False,True,False
-2.5,1.5,2.0,1.5,0.2447,1.0266,1e-05,1e-05,0.81,True,False,False,False
-2.5,1.5,2.0,2.0,0.1955,0.9716,0.0,0.0,0.81,True,False,False,False
-2.0,-0.5,-1.0,0.0,-0.0997,0.811,1e-05,0.0,0.81,True,True,False,False
-2.0,-0.5,-1.0,0.5,-0.1559,0.8274,1e-05,0.0,0.81,True,True,False,False
-2.0,-0.5,-1.0,1.0,-0.1823,0.8473,1e-05,0.0,0.81,True,True,False,False
-2.0,-0.5,-1.0,1.5,-0.1724,0.8658,0.0,0.0,0.81,True,False,False,False
-2.0,-0.5,-1.0,2.0,-0.1285,0.8786,0.0,0.0,0.81,True,False,False,False
-2.0,-0.5,-0.5,0.0,-0.0997,0.811,1e-05,0.0,0.81,True,True,False,False
-2.0,-0.5,-0.5,0.5,-0.1455,0.859,1e-05,1e-05,0.81,True,False,False,False
-2.0,-0.5,-0.5,1.0,-0.1642,0.9028,1e-05,1e-05,0.81,True,False,False,False
-2.0,-0.5,-0.5,1.5,-0.1509,0.9318,1e-05,0.0,0.81,True,False,False,False
-2.0,-0.5,-0.5,2.0,-0.1088,0.9387,0.0,0.0,0.81,True,False,False,False
-2.0,-0.5,0.0,0.0,-0.0997,0.811,1e-05,0.0,0.81,True,True,False,False
-2.0,-0.5,0.0,0.5,-0.122,0.8797,1e-05,1e-05,0.81,True,False,False,False
-2.0,-0.5,0.0,1.0,-0.1228,0.9394,2e-05,1e-05,0.81,True,False,False,False
-2.0,-0.5,0.0,1.5,-0.1017,0.9752,1e-05,0.0,0.81,True,False,False,False
-2.0,-0.5,0.0,2.0,-0.0639,0.9782,0.0,0.0,0.81,True,False,False,False
-2.0,-0.5,0.5,0.0,-0.0998,0.811,1e-05,0.0,0.81,True,True,False,False
-2.0,-0.5,0.5,0.5,-0.0911,0.8845,1e-05,1e-05,0.81,True,False,False,False
-2.0,-0.5,0.5,1.0,-0.0682,0.9478,2e-05,1e-05,0.81,True,False,False,False
-2.0,-0.5,0.5,1.5,-0.0369,0.9852,1e-05,1e-05,0.81,True,False,False,False
-2.0,-0.5,0.5,2.0,-0.0047,0.9873,0.0,0.0,0.81,True,False,False,False
-2.0,-0.5,1.0,0.0,-0.0998,0.811,1e-05,0.0,0.81,True,True,False,False
-2.0,-0.5,1.0,0.5,-0.0603,0.8722,1e-05,1e-05,0.81,True,False,False,False
-2.0,-0.5,1.0,1.0,-0.014,0.9261,1e-05,1e-05,0.81,True,False,False,False
-2.0,-0.5,1.0,1.5,0.0275,0.9593,1e-05,0.0,0.81,True,False,False,False
-2.0,-0.5,1.0,2.0,0.0539,0.9637,0.0,0.0,0.81,True,False,False,False
-2.0,-0.5,1.5,0.0,-0.0998,0.811,1e-05,0.0,0.81,True,True,False,False
-2.0,-0.5,1.5,0.5,-0.0371,0.8458,1e-05,0.0,0.81,True,True,False,False
-2.0,-0.5,1.5,1.0,0.0266,0.8796,1e-05,1e-05,0.81,True,False,False,False
-2.0,-0.5,1.5,1.5,0.0756,0.904,1e-05,1e-05,0.81,True,False,False,False
-2.0,-0.5,1.5,2.0,0.0977,0.9132,0.0,0.0,0.81,True,False,False,False
-2.0,-0.5,2.0,0.0,-0.0997,0.8111,1e-05,0.0,0.81,True,True,False,False
-2.0,-0.5,2.0,0.5,-0.0273,0.8118,1e-05,0.0,0.81,True,True,False,False
-2.0,-0.5,2.0,1.0,0.0436,0.8197,1e-05,1e-05,0.81,True,True,False,False
-2.0,-0.5,2.0,1.5,0.0956,0.8329,1e-05,1e-05,0.81,True,True,False,False
-2.0,-0.5,2.0,2.0,0.1159,0.8484,0.0,0.0,0.81,True,True,False,False
-2.0,0.0,-1.0,0.0,0.0552,0.8832,1e-05,1e-05,0.81,True,False,False,False
-2.0,0.0,-1.0,0.5,-0.0159,0.8933,1e-05,0.0,0.81,True,False,False,False
-2.0,0.0,-1.0,1.0,-0.0693,0.9009,1e-05,1e-05,0.81,True,False,False,False
-2.0,0.0,-1.0,1.5,-0.092,0.9042,1e-05,1e-05,0.81,True,False,False,False
-2.0,0.0,-1.0,2.0,-0.0784,0.9027,0.0,0.0,0.81,True,False,False,False
-2.0,0.0,-0.5,0.0,0.0552,0.8832,1e-05,1e-05,0.81,True,False,False,False
-2.0,0.0,-0.5,0.5,-0.0022,0.9262,1e-05,1e-05,0.81,True,False,False,False
-2.0,0.0,-0.5,1.0,-0.0456,0.9587,1e-05,1e-05,0.81,True,False,False,False
-2.0,0.0,-0.5,1.5,-0.064,0.9729,1e-05,1e-05,0.81,True,False,False,False
-2.0,0.0,-0.5,2.0,-0.0528,0.9652,0.0,0.0,0.81,True,False,False,False
-2.0,0.0,0.0,0.0,0.0552,0.8831,1e-05,1e-05,0.81,True,False,False,False
-2.0,0.0,0.0,0.5,0.0255,0.9484,1e-05,1e-05,0.81,True,False,False,False
-2.0,0.0,0.0,1.0,0.0031,0.9981,2e-05,1e-05,0.81,True,False,False,False
-2.0,0.0,0.0,1.5,-0.0062,1.0196,1e-05,0.0,0.81,True,False,False,False
-2.0,0.0,0.0,2.0,-0.0002,1.0078,0.0,0.0,0.81,True,False,False,False
-2.0,0.0,0.5,0.0,0.0552,0.8831,1e-05,1e-05,0.81,True,False,False,False
-2.0,0.0,0.5,0.5,0.0604,0.9547,1e-05,1e-05,0.81,True,False,False,False
-2.0,0.0,0.5,1.0,0.0647,1.0092,1e-05,1e-05,0.81,True,False,False,False
-2.0,0.0,0.5,1.5,0.0669,1.0329,1e-05,0.0,0.81,True,False,False,False
-2.0,0.0,0.5,2.0,0.0664,1.0199,0.0,0.0,0.81,True,False,False,False
-2.0,0.0,1.0,0.0,0.0551,0.8832,1e-05,1e-05,0.81,True,False,False,False
-2.0,0.0,1.0,0.5,0.0942,0.9435,1e-05,1e-05,0.81,True,False,False,False
-2.0,0.0,1.0,1.0,0.1242,0.9894,1e-05,1e-05,0.81,True,False,False,False
-2.0,0.0,1.0,1.5,0.1374,1.0093,1e-05,0.0,0.81,True,False,False,False
-2.0,0.0,1.0,2.0,0.1307,0.9984,0.0,0.0,0.81,True,False,False,False
-2.0,0.0,1.5,0.0,0.0551,0.8832,1e-05,1e-05,0.81,True,False,False,False
-2.0,0.0,1.5,0.5,0.1184,0.9175,1e-05,0.0,0.81,True,False,False,False
-2.0,0.0,1.5,1.0,0.1667,0.9435,1e-05,1e-05,0.81,True,False,False,False
-2.0,0.0,1.5,1.5,0.1878,0.9548,1e-05,0.0,0.81,True,False,False,False
-2.0,0.0,1.5,2.0,0.1766,0.9487,0.0,0.0,0.81,True,False,False,False
-2.0,0.0,2.0,0.0,0.0552,0.8832,1e-05,0.0,0.81,True,False,False,False
-2.0,0.0,2.0,0.5,0.1272,0.8831,1e-05,0.0,0.81,True,False,False,False
-2.0,0.0,2.0,1.0,0.1819,0.8829,1e-05,1e-05,0.81,True,False,False,False
-2.0,0.0,2.0,1.5,0.2058,0.8829,1e-05,1e-05,0.81,True,False,False,False
-2.0,0.0,2.0,2.0,0.193,0.8832,0.0,0.0,0.81,True,False,False,False
-2.0,0.5,-1.0,0.0,0.2122,0.9535,1e-05,0.0,0.81,True,False,False,False
-2.0,0.5,-1.0,0.5,0.1396,0.9637,1e-05,0.0,0.81,True,False,False,False
-2.0,0.5,-1.0,1.0,0.0689,0.964,1e-05,0.0,0.81,True,False,False,False
-2.0,0.5,-1.0,1.5,0.0174,0.9546,1e-05,0.0,0.81,True,False,False,False
-2.0,0.5,-1.0,2.0,-0.0022,0.9379,0.0,0.0,0.81,True,False,False,False
-2.0,0.5,-0.5,0.0,0.2122,0.9535,1e-05,0.0,0.81,True,False,False,False
-2.0,0.5,-0.5,0.5,0.1507,0.9951,1e-05,0.0,0.81,True,False,False,False
-2.0,0.5,-0.5,1.0,0.0881,1.0194,1e-05,0.0,0.81,True,False,False,False
-2.0,0.5,-0.5,1.5,0.0401,1.0203,1e-05,0.0,0.81,True,False,False,False
-2.0,0.5,-0.5,2.0,0.0184,0.9978,0.0,0.0,0.81,True,False,False,False
-2.0,0.5,0.0,0.0,0.2122,0.9535,1e-05,0.0,0.81,True,False,False,False
-2.0,0.5,0.0,0.5,0.1749,1.0155,1e-05,0.0,0.81,True,False,False,False
-2.0,0.5,0.0,1.0,0.1306,1.0554,1e-05,0.0,0.81,True,False,False,False
-2.0,0.5,0.0,1.5,0.0903,1.0631,0.0,0.0,0.81,True,False,False,False
-2.0,0.5,0.0,2.0,0.0641,1.0368,0.0,0.0,0.81,True,False,False,False
-2.0,0.5,0.5,0.0,0.2122,0.9535,1e-05,0.0,0.81,True,False,False,False
-2.0,0.5,0.5,0.5,0.2062,1.0198,1e-05,0.0,0.81,True,False,False,False
-2.0,0.5,0.5,1.0,0.1858,1.0631,1e-05,0.0,0.81,True,False,False,False
-2.0,0.5,0.5,1.5,0.1558,1.0723,0.0,0.0,0.81,True,False,False,False
-2.0,0.5,0.5,2.0,0.1237,1.0452,0.0,0.0,0.81,True,False,False,False
-2.0,0.5,1.0,0.0,0.2121,0.9535,1e-05,0.0,0.81,True,False,False,False
-2.0,0.5,1.0,0.5,0.2371,1.007,1e-05,0.0,0.81,True,False,False,False
-2.0,0.5,1.0,1.0,0.2401,1.0405,1e-05,0.0,0.81,True,False,False,False
-2.0,0.5,1.0,1.5,0.2203,1.0455,0.0,0.0,0.81,True,False,False,False
-2.0,0.5,1.0,2.0,0.1824,1.0208,0.0,0.0,0.81,True,False,False,False
-2.0,0.5,1.5,0.0,0.2121,0.9535,1e-05,0.0,0.81,True,False,False,False
-2.0,0.5,1.5,0.5,0.2599,0.9802,1e-05,0.0,0.81,True,False,True,False
-2.0,0.5,1.5,1.0,0.2802,0.9932,1e-05,0.0,0.81,True,False,True,False
-2.0,0.5,1.5,1.5,0.2678,0.9895,0.0,0.0,0.81,True,False,True,False
-2.0,0.5,1.5,2.0,0.2257,0.9699,0.0,0.0,0.81,True,False,False,False
-2.0,0.5,2.0,0.0,0.2122,0.9535,1e-05,0.0,0.81,True,False,False,False
-2.0,0.5,2.0,0.5,0.2692,0.9459,1e-05,0.0,0.81,True,False,True,False
-2.0,0.5,2.0,1.0,0.2962,0.933,1e-05,0.0,0.81,True,False,True,False
-2.0,0.5,2.0,1.5,0.2868,0.9181,0.0,0.0,0.81,True,False,True,False
-2.0,0.5,2.0,2.0,0.2432,0.9048,0.0,0.0,0.81,True,False,False,False
-2.0,1.0,-1.0,0.0,0.3321,1.0054,0.0,2e-05,0.81,True,False,True,False
-2.0,1.0,-1.0,0.5,0.2721,1.0215,0.0,0.0,0.81,True,False,True,False
-2.0,1.0,-1.0,1.0,0.1984,1.0212,0.0,0.0,0.81,True,False,False,False
-2.0,1.0,-1.0,1.5,0.1293,1.0044,0.0,0.0,0.81,True,False,False,False
-2.0,1.0,-1.0,2.0,0.0817,0.9755,0.0,0.0,0.81,True,False,False,False
-2.0,1.0,-0.5,0.0,0.3321,1.0053,0.0,2e-05,0.81,True,False,True,False
-2.0,1.0,-0.5,0.5,0.2753,1.0494,0.0,1e-05,0.81,True,False,True,False
-2.0,1.0,-0.5,1.0,0.2039,1.0703,0.0,0.0,0.81,True,False,False,False
-2.0,1.0,-0.5,1.5,0.1357,1.0626,0.0,0.0,0.81,True,False,False,False
-2.0,1.0,-0.5,2.0,0.0874,1.0285,0.0,0.0,0.81,True,False,False,False
-2.0,1.0,0.0,0.0,0.3321,1.0053,0.0,2e-05,0.81,True,False,True,False
-2.0,1.0,0.0,0.5,0.289,1.065,1e-05,2e-05,0.81,True,False,True,False
-2.0,1.0,0.0,1.0,0.2279,1.0978,1e-05,1e-05,0.81,True,False,False,False
-2.0,1.0,0.0,1.5,0.164,1.0953,1e-05,0.0,0.81,True,False,False,False
-2.0,1.0,0.0,2.0,0.1132,1.0582,0.0,0.0,0.81,True,False,False,False
-2.0,1.0,0.5,0.0,0.3321,1.0053,1e-05,2e-05,0.81,True,False,True,False
-2.0,1.0,0.5,0.5,0.3097,1.0644,1e-05,2e-05,0.81,True,False,True,False
-2.0,1.0,0.5,1.0,0.2644,1.0968,2e-05,2e-05,0.81,True,False,True,False
-2.0,1.0,0.5,1.5,0.2073,1.0943,1e-05,1e-05,0.81,True,False,False,False
-2.0,1.0,0.5,2.0,0.1525,1.0574,0.0,0.0,0.81,True,False,False,False
-2.0,1.0,1.0,0.0,0.3321,1.0053,1e-05,2e-05,0.81,True,False,True,False
-2.0,1.0,1.0,0.5,0.3325,1.0479,1e-05,3e-05,0.81,True,False,True,False
-2.0,1.0,1.0,1.0,0.3045,1.0677,2e-05,2e-05,0.81,True,False,True,False
-2.0,1.0,1.0,1.5,0.2548,1.0598,1e-05,1e-05,0.81,True,False,True,False
-2.0,1.0,1.0,2.0,0.1959,1.026,0.0,0.0,0.81,True,False,False,False
-2.0,1.0,1.5,0.0,0.3321,1.0054,1e-05,2e-05,0.81,True,False,True,False
-2.0,1.0,1.5,0.5,0.3517,1.0194,1e-05,3e-05,0.81,True,False,True,False
-2.0,1.0,1.5,1.0,0.3382,1.0176,1e-05,3e-05,0.81,True,False,True,False
-2.0,1.0,1.5,1.5,0.2949,1.0004,1e-05,1e-05,0.81,True,False,True,False
-2.0,1.0,1.5,2.0,0.2325,0.972,0.0,0.0,0.81,True,False,False,False
-2.0,1.0,2.0,0.0,0.3321,1.0053,1e-05,2e-05,0.81,True,False,True,False
-2.0,1.0,2.0,0.5,0.3627,0.9859,1e-05,3e-05,0.81,True,False,True,False
-2.0,1.0,2.0,1.0,0.3574,0.9588,1e-05,3e-05,0.81,True,False,True,False
-2.0,1.0,2.0,1.5,0.3177,0.9307,0.0,1e-05,0.81,True,False,True,False
-2.0,1.0,2.0,2.0,0.2534,0.9086,0.0,0.0,0.81,True,False,True,False
-2.0,1.5,-1.0,0.0,0.3841,1.0274,1e-05,2e-05,0.84,True,False,True,False
-2.0,1.5,-1.0,0.5,0.3477,1.054,1e-05,3e-05,0.81,True,False,True,False
-2.0,1.5,-1.0,1.0,0.2865,1.0594,2e-05,2e-05,0.81,True,False,True,False
-2.0,1.5,-1.0,1.5,0.2156,1.0421,1e-05,1e-05,0.81,True,False,False,False
-2.0,1.5,-1.0,2.0,0.1524,1.0066,0.0,0.0,0.81,True,False,False,False
-2.0,1.5,-0.5,0.0,0.3841,1.0274,1e-05,2e-05,0.84,True,False,True,False
-2.0,1.5,-0.5,0.5,0.3397,1.077,1e-05,2e-05,0.81,True,False,True,False
-2.0,1.5,-0.5,1.0,0.2723,1.0998,2e-05,2e-05,0.81,True,False,True,False
-2.0,1.5,-0.5,1.5,0.1987,1.0901,2e-05,1e-05,0.81,True,False,False,False
-2.0,1.5,-0.5,2.0,0.1369,1.0502,1e-05,0.0,0.81,True,False,False,False
-2.0,1.5,0.0,0.0,0.3841,1.0274,1e-05,2e-05,0.84,True,False,True,False
-2.0,1.5,0.0,0.5,0.3384,1.086,1e-05,2e-05,0.81,True,False,True,False
-2.0,1.5,0.0,1.0,0.27,1.1158,2e-05,2e-05,0.81,True,False,True,False
-2.0,1.5,0.0,1.5,0.1959,1.109,2e-05,1e-05,0.81,True,False,False,False
-2.0,1.5,0.0,2.0,0.1344,1.0674,1e-05,0.0,0.81,True,False,False,False
-2.0,1.5,0.5,0.0,0.3841,1.0274,1e-05,2e-05,0.84,True,False,True,False
-2.0,1.5,0.5,0.5,0.3442,1.079,1e-05,2e-05,0.81,True,False,True,False
-2.0,1.5,0.5,1.0,0.2802,1.1033,2e-05,2e-05,0.81,True,False,True,False
-2.0,1.5,0.5,1.5,0.208,1.0942,2e-05,1e-05,0.81,True,False,False,False
-2.0,1.5,0.5,2.0,0.1564,1.0528,7e-05,0.00022,0.81,True,False,False,False
-2.0,1.5,1.0,0.0,0.3841,1.0274,1e-05,2e-05,0.84,True,False,True,False
-2.0,1.5,1.0,0.5,0.3556,1.0575,1e-05,2e-05,0.81,True,False,True,False
-2.0,1.5,1.0,1.0,0.3004,1.0654,2e-05,3e-05,0.81,True,False,True,False
-2.0,1.5,1.0,1.5,0.232,1.0493,1e-05,1e-05,0.81,True,False,False,False
-2.0,1.5,1.0,2.0,0.1852,0.9992,8e-05,0.00014,1.3,True,False,False,False
-2.0,1.5,1.5,0.0,0.3841,1.0275,1e-05,2e-05,0.84,True,False,True,False
-2.0,1.5,1.5,0.5,0.3699,1.0268,1e-05,3e-05,0.81,True,False,True,False
-2.0,1.5,1.5,1.0,0.3255,1.0115,1e-05,3e-05,0.81,True,False,True,False
-2.0,1.5,1.5,1.5,0.2619,0.9855,1e-05,1e-05,0.81,True,False,True,False
-2.0,1.5,1.5,2.0,0.1947,0.9551,0.0,0.0,0.81,True,False,False,False
-2.0,1.5,2.0,0.0,0.3841,1.0274,1e-05,2e-05,0.84,True,False,True,False
-2.0,1.5,2.0,0.5,0.3835,0.9944,1e-05,3e-05,0.82,True,False,True,False
-2.0,1.5,2.0,1.0,0.3495,0.9548,1e-05,3e-05,0.81,True,False,True,False
-2.0,1.5,2.0,1.5,0.2904,0.9184,0.0,2e-05,0.81,True,False,True,False
-2.0,1.5,2.0,2.0,0.2208,0.894,0.0,0.0,0.81,True,False,False,False
-1.5,-0.5,-1.0,0.0,-0.1133,0.8951,0.0,0.0,0.81,True,False,False,False
-1.5,-0.5,-1.0,0.5,-0.1551,0.9364,0.0,0.0,0.81,True,False,False,False
-1.5,-0.5,-1.0,1.0,-0.1693,0.9666,0.0,0.0,0.81,True,False,False,False
-1.5,-0.5,-1.0,1.5,-0.1521,0.9782,0.0,0.0,0.81,True,False,False,False
-1.5,-0.5,-1.0,2.0,-0.1078,0.9684,0.0,0.0,0.81,True,False,False,False
-1.5,-0.5,-0.5,0.0,-0.1133,0.8951,0.0,0.0,0.81,True,False,False,False
-1.5,-0.5,-0.5,0.5,-0.1307,0.9592,0.0,0.0,0.81,True,False,False,False
-1.5,-0.5,-0.5,1.0,-0.1265,1.0068,0.0,0.0,0.81,True,False,False,False
-1.5,-0.5,-0.5,1.5,-0.1013,1.0259,0.0,0.0,0.81,True,False,False,False
-1.5,-0.5,-0.5,2.0,-0.0615,1.0118,0.0,0.0,0.81,True,False,False,False
-1.5,-0.5,0.0,0.0,-0.1133,0.8951,0.0,0.0,0.81,True,False,False,False
-1.5,-0.5,0.0,0.5,-0.1,0.9661,0.0,0.0,0.81,True,False,False,False
-1.5,-0.5,0.0,1.0,-0.0723,1.019,0.0,0.0,0.81,True,False,False,False
-1.5,-0.5,0.0,1.5,-0.037,1.0403,0.0,0.0,0.81,True,False,False,False
-1.5,-0.5,0.0,2.0,-0.0029,1.0248,0.0,0.0,0.81,True,False,False,False
-1.5,-0.5,0.5,0.0,-0.1133,0.8951,0.0,0.0,0.81,True,False,False,False
-1.5,-0.5,0.5,0.5,-0.0704,0.9555,0.0,0.0,0.81,True,False,False,False
-1.5,-0.5,0.5,1.0,-0.0201,1.0002,0.0,0.0,0.81,True,False,False,False
-1.5,-0.5,0.5,1.5,0.0249,1.0179,0.0,0.0,0.81,True,False,False,False
-1.5,-0.5,0.5,2.0,0.0535,1.0044,0.0,0.0,0.81,True,False,False,False
-1.5,-0.5,1.0,0.0,-0.1133,0.8951,0.0,0.0,0.81,True,False,False,False
-1.5,-0.5,1.0,0.5,-0.0491,0.93,0.0,0.0,0.81,True,False,False,False
-1.5,-0.5,1.0,1.0,0.0172,0.955,0.0,0.0,0.81,True,False,False,False
-1.5,-0.5,1.0,1.5,0.0691,0.9642,0.0,0.0,0.81,True,False,False,False
-1.5,-0.5,1.0,2.0,0.0938,0.9555,0.0,0.0,0.81,True,False,False,False
-1.5,-0.5,1.5,0.0,-0.1133,0.8951,0.0,0.0,0.81,True,False,False,False
-1.5,-0.5,1.5,0.5,-0.0413,0.8957,0.0,0.0,0.81,True,False,False,False
-1.5,-0.5,1.5,1.0,0.0306,0.8947,0.0,0.0,0.81,True,False,False,False
-1.5,-0.5,1.5,1.5,0.0848,0.8927,0.0,0.0,0.81,True,False,False,False
-1.5,-0.5,1.5,2.0,0.108,0.8902,0.0,0.0,0.81,True,False,False,False
-1.5,-0.5,2.0,0.0,-0.1132,0.8951,0.0,0.0,0.81,True,False,False,False
-1.5,-0.5,2.0,0.5,-0.049,0.861,0.0,0.0,0.81,True,False,False,False
-1.5,-0.5,2.0,1.0,0.0168,0.8341,0.0,0.0,0.81,True,True,False,False
-1.5,-0.5,2.0,1.5,0.0682,0.8208,0.0,0.0,0.81,True,True,False,False
-1.5,-0.5,2.0,2.0,0.0929,0.8247,0.0,0.0,0.81,True,True,False,False
-1.5,0.0,-1.0,0.0,0.058,0.8842,0.0,0.0,0.81,True,False,False,False
-1.5,0.0,-1.0,0.5,0.0004,0.9271,0.0,0.0,0.81,True,False,False,False
-1.5,0.0,-1.0,1.0,-0.0434,0.9595,0.0,0.0,0.81,True,False,False,False
-1.5,0.0,-1.0,1.5,-0.0624,0.9734,0.0,0.0,0.81,True,False,False,False
-1.5,0.0,-1.0,2.0,-0.0518,0.9656,0.0,0.0,0.81,True,False,False,False
-1.5,0.0,-0.5,0.0,0.058,0.8842,0.0,0.0,0.81,True,False,False,False
-1.5,0.0,-0.5,0.5,0.0281,0.9494,0.0,0.0,0.81,True,False,False,False
-1.5,0.0,-0.5,1.0,0.0053,0.9989,0.0,0.0,0.81,True,False,False,False
-1.5,0.0,-0.5,1.5,-0.0047,1.0202,0.0,0.0,0.81,True,False,False,False
-1.5,0.0,-0.5,2.0,0.0008,1.0082,0.0,0.0,0.81,True,False,False,False
-1.5,0.0,0.0,0.0,0.0579,0.8842,0.0,0.0,0.81,True,False,False,False
-1.5,0.0,0.0,0.5,0.0631,0.9557,0.0,0.0,0.81,True,False,False,False
-1.5,0.0,0.0,1.0,0.0669,1.01,0.0,0.0,0.81,True,False,False,False
-1.5,0.0,0.0,1.5,0.0685,1.0335,0.0,0.0,0.81,True,False,False,False
-1.5,0.0,0.0,2.0,0.0675,1.0202,0.0,0.0,0.81,True,False,False,False
-1.5,0.0,0.5,0.0,0.0579,0.8842,0.0,0.0,0.81,True,False,False,False
-1.5,0.0,0.5,0.5,0.0968,0.9445,0.0,0.0,0.81,True,False,False,False
-1.5,0.0,0.5,1.0,0.1263,0.9902,0.0,0.0,0.81,True,False,False,False
-1.5,0.0,0.5,1.5,0.139,1.0099,0.0,0.0,0.81,True,False,False,False
-1.5,0.0,0.5,2.0,0.1317,0.9987,0.0,0.0,0.81,True,False,False,False
-1.5,0.0,1.0,0.0,0.0579,0.8842,0.0,0.0,0.81,True,False,False,False
-1.5,0.0,1.0,0.5,0.121,0.9185,0.0,0.0,0.81,True,False,False,False
-1.5,0.0,1.0,1.0,0.1688,0.9442,0.0,0.0,0.81,True,False,False,False
-1.5,0.0,1.0,1.5,0.1894,0.9553,0.0,0.0,0.81,True,False,False,False
-1.5,0.0,1.0,2.0,0.1776,0.9491,0.0,0.0,0.81,True,False,False,False
-1.5,0.0,1.5,0.0,0.0579,0.8842,0.0,0.0,0.81,True,False,False,False
-1.5,0.0,1.5,0.5,0.1298,0.884,0.0,0.0,0.81,True,False,False,False
-1.5,0.0,1.5,1.0,0.1841,0.8836,0.0,0.0,0.81,True,False,False,False
-1.5,0.0,1.5,1.5,0.2074,0.8834,0.0,0.0,0.81,True,False,False,False
-1.5,0.0,1.5,2.0,0.1941,0.8835,0.0,0.0,0.81,True,False,False,False
-1.5,0.0,2.0,0.0,0.0581,0.8841,0.0,0.0,0.81,True,False,False,False
-1.5,0.0,2.0,0.5,0.121,0.8495,0.0,0.0,0.81,True,True,False,False
-1.5,0.0,2.0,1.0,0.1684,0.8232,0.0,0.0,0.81,True,True,False,False
-1.5,0.0,2.0,1.5,0.1887,0.8118,0.0,0.0,0.81,True,True,False,False
-1.5,0.0,2.0,2.0,0.1771,0.8183,0.0,0.0,0.81,True,True,False,False
-1.5,0.5,-1.0,0.0,0.2288,0.8705,0.0,0.0,0.81,True,False,False,False
-1.5,0.5,-1.0,0.5,0.1703,0.9142,0.0,0.0,0.81,True,False,False,False
-1.5,0.5,-1.0,1.0,0.1082,0.9485,0.0,0.0,0.81,True,False,False,False
-1.5,0.5,-1.0,1.5,0.058,0.9651,0.0,0.0,0.81,True,False,False,False
-1.5,0.5,-1.0,2.0,0.0322,0.9599,0.0,0.0,0.81,True,False,False,False
-1.5,0.5,-0.5,0.0,0.2288,0.8705,0.0,0.0,0.81,True,False,False,False
-1.5,0.5,-0.5,0.5,0.195,0.9364,0.0,0.0,0.81,True,False,False,False
-1.5,0.5,-0.5,1.0,0.1516,0.9878,1e-05,0.0,0.81,True,False,False,False
-1.5,0.5,-0.5,1.5,0.1094,1.0118,0.0,0.0,0.81,True,False,False,False
-1.5,0.5,-0.5,2.0,0.079,1.0025,0.0,0.0,0.81,True,False,False,False
-1.5,0.5,0.0,0.0,0.2288,0.8705,0.0,0.0,0.81,True,False,False,False
-1.5,0.5,0.0,0.5,0.2258,0.9427,0.0,0.0,0.81,True,False,False,False
-1.5,0.5,0.0,1.0,0.2058,0.999,1e-05,0.0,0.81,True,False,False,False
-1.5,0.5,0.0,1.5,0.1738,1.0251,0.0,0.0,0.81,True,False,False,False
-1.5,0.5,0.0,2.0,0.1377,1.0147,0.0,0.0,0.81,True,False,False,False
-1.5,0.5,0.5,0.0,0.2288,0.8705,0.0,0.0,0.81,True,False,False,False
-1.5,0.5,0.5,0.5,0.2551,0.9315,0.0,0.0,0.81,True,False,True,False
-1.5,0.5,0.5,1.0,0.2576,0.9791,1e-05,0.0,0.81,True,False,True,False
-1.5,0.5,0.5,1.5,0.2353,1.0016,0.0,0.0,0.81,True,False,False,False
-1.5,0.5,0.5,2.0,0.1937,0.9934,0.0,0.0,0.81,True,False,False,False
-1.5,0.5,1.0,0.0,0.2288,0.8705,0.0,0.0,0.81,True,False,False,False
-1.5,0.5,1.0,0.5,0.2759,0.9055,0.0,0.0,0.81,True,False,True,False
-1.5,0.5,1.0,1.0,0.2942,0.9333,0.0,0.0,0.81,True,False,True,False
-1.5,0.5,1.0,1.5,0.2787,0.9472,0.0,0.0,0.81,True,False,True,False
-1.5,0.5,1.0,2.0,0.2333,0.9439,0.0,0.0,0.81,True,False,False,False
-1.5,0.5,1.5,0.0,0.2288,0.8706,0.0,0.0,0.81,True,False,False,False
-1.5,0.5,1.5,0.5,0.2831,0.871,0.0,0.0,0.81,True,False,True,False
-1.5,0.5,1.5,1.0,0.3065,0.8727,0.0,0.0,0.81,True,False,True,False
-1.5,0.5,1.5,1.5,0.2933,0.8754,0.0,0.0,0.81,True,False,True,False
-1.5,0.5,1.5,2.0,0.2467,0.8785,0.0,0.0,0.81,True,False,False,False
-1.5,0.5,2.0,0.0,0.2289,0.8705,0.0,0.0,0.81,True,False,False,False
-1.5,0.5,2.0,0.5,0.2748,0.8366,0.0,0.0,0.81,True,True,True,True
-1.5,0.5,2.0,1.0,0.2917,0.8124,0.0,0.0,0.81,True,True,True,True
-1.5,0.5,2.0,1.5,0.2758,0.8039,0.0,0.0,0.81,True,True,True,True
-1.5,0.5,2.0,2.0,0.2309,0.8132,0.0,0.0,0.81,True,True,False,False
-1.5,1.0,-1.0,0.0,0.3575,0.8584,0.0,2e-05,0.81,True,False,True,False
-1.5,1.0,-1.0,0.5,0.313,0.9013,0.0,0.0,0.81,True,False,True,False
-1.5,1.0,-1.0,1.0,0.2483,0.9364,1e-05,0.0,0.81,True,False,False,False
-1.5,1.0,-1.0,1.5,0.1795,0.955,1e-05,0.0,0.81,True,False,False,False
-1.5,1.0,-1.0,2.0,0.1235,0.9525,0.0,0.0,0.81,True,False,False,False
-1.5,1.0,-0.5,0.0,0.3575,0.8584,0.0,2e-05,0.81,True,False,True,False
-1.5,1.0,-0.5,0.5,0.3291,0.9241,1e-05,1e-05,0.81,True,False,True,False
-1.5,1.0,-0.5,1.0,0.2766,0.9767,1e-05,0.0,0.81,True,False,True,False
-1.5,1.0,-0.5,1.5,0.2129,1.0029,1e-05,0.0,0.81,True,False,False,False
-1.5,1.0,-0.5,2.0,0.1539,0.9963,0.0,0.0,0.81,True,False,False,False
-1.5,1.0,0.0,0.0,0.3575,0.8584,0.0,2e-05,0.81,True,False,True,False
-1.5,1.0,0.0,0.5,0.3483,0.9312,1e-05,2e-05,0.81,True,False,True,False
-1.5,1.0,0.0,1.0,0.3105,0.9892,1e-05,2e-05,0.81,True,False,True,False
-1.5,1.0,0.0,1.5,0.2532,1.0179,1e-05,1e-05,0.81,True,False,True,False
-1.5,1.0,0.0,2.0,0.1906,1.01,0.0,0.0,0.81,True,False,False,False
-1.5,1.0,0.5,0.0,0.3574,0.8584,0.0,2e-05,0.81,True,False,True,False
-1.5,1.0,0.5,0.5,0.3661,0.9208,0.0,3e-05,0.81,True,False,True,False
-1.5,1.0,0.5,1.0,0.3418,0.9709,1e-05,3e-05,0.81,True,False,True,False
-1.5,1.0,0.5,1.5,0.2904,0.9961,1e-05,1e-05,0.81,True,False,True,False
-1.5,1.0,0.5,2.0,0.2245,0.9902,0.0,0.0,0.81,True,False,False,False
-1.5,1.0,1.0,0.0,0.3575,0.8584,0.0,2e-05,0.81,True,False,True,False
-1.5,1.0,1.0,0.5,0.3779,0.8955,0.0,3e-05,0.81,True,False,True,False
-1.5,1.0,1.0,1.0,0.3627,0.9262,1e-05,3e-05,0.81,True,False,True,False
-1.5,1.0,1.0,1.5,0.3152,0.9431,0.0,1e-05,0.81,True,False,True,False
-1.5,1.0,1.0,2.0,0.2472,0.942,0.0,0.0,0.81,True,False,False,False
-1.5,1.0,1.5,0.0,0.3575,0.8584,0.0,2e-05,0.81,True,False,True,False
-1.5,1.0,1.5,0.5,0.381,0.8613,0.0,3e-05,0.81,True,False,True,False
-1.5,1.0,1.5,1.0,0.3681,0.8662,0.0,3e-05,0.81,True,False,True,False
-1.5,1.0,1.5,1.5,0.3217,0.8719,0.0,1e-05,0.81,True,False,True,False
-1.5,1.0,1.5,2.0,0.2533,0.8771,0.0,0.0,0.81,True,False,True,False
-1.5,1.0,2.0,0.0,0.3575,0.8584,0.0,2e-05,0.81,True,False,True,False
-1.5,1.0,2.0,0.5,0.3746,0.8267,1e-05,3e-05,0.81,True,True,True,True
-1.5,1.0,2.0,1.0,0.3567,0.8056,1e-05,3e-05,0.81,True,True,True,True
-1.5,1.0,2.0,1.5,0.3083,0.8001,0.0,1e-05,0.81,True,True,True,True
-1.5,1.0,2.0,2.0,0.2413,0.8116,0.0,0.0,0.81,True,True,False,False
-1.5,1.5,-1.0,0.0,0.4128,0.8528,0.0,3e-05,0.94,True,False,True,False
-1.5,1.5,-1.0,0.5,0.3938,0.8935,0.0,3e-05,0.85,True,False,True,False
-1.5,1.5,-1.0,1.0,0.3429,0.9275,1e-05,3e-05,0.81,True,False,True,False
-1.5,1.5,-1.0,1.5,0.2725,0.9465,1e-05,1e-05,0.81,True,False,True,False
-1.5,1.5,-1.0,2.0,0.1999,0.9458,1e-05,0.0,0.81,True,False,False,False
-1.5,1.5,-0.5,0.0,0.4128,0.8528,0.0,3e-05,0.94,True,False,True,False
-1.5,1.5,-0.5,0.5,0.3978,0.9174,0.0,3e-05,0.88,True,False,True,False
-1.5,1.5,-0.5,1.0,0.3499,0.9697,1e-05,3e-05,0.81,True,False,True,False
-1.5,1.5,-0.5,1.5,0.2807,0.9966,2e-05,2e-05,0.81,True,False,True,False
-1.5,1.5,-0.5,2.0,0.2073,0.9915,1e-05,1e-05,0.81,True,False,False,False
-1.5,1.5,0.0,0.0,0.4128,0.8528,0.0,3e-05,0.94,True,False,True,False
-1.5,1.5,0.0,0.5,0.401,0.9259,0.0,3e-05,0.91,True,False,True,False
-1.5,1.5,0.0,1.0,0.3555,0.9848,1e-05,3e-05,0.81,True,False,True,False
-1.5,1.5,0.0,1.5,0.2873,1.0145,2e-05,3e-05,0.81,True,False,True,False
-1.5,1.5,0.0,2.0,0.2133,1.0078,1e-05,1e-05,0.81,True,False,False,False
-1.5,1.5,0.5,0.0,0.4128,0.8528,0.0,3e-05,0.94,True,False,True,False
-1.5,1.5,0.5,0.5,0.4027,0.9169,0.0,3e-05,0.91,True,False,True,False
-1.5,1.5,0.5,1.0,0.3584,0.9689,1e-05,3e-05,0.81,True,False,True,False
-1.5,1.5,0.5,1.5,0.2908,0.9957,2e-05,2e-05,0.81,True,False,True,False
-1.5,1.5,0.5,2.0,0.2165,0.9907,1e-05,1e-05,0.81,True,False,False,False
-1.5,1.5,1.0,0.0,0.4128,0.8528,0.0,3e-05,0.94,True,False,True,False
-1.5,1.5,1.0,0.5,0.4023,0.8927,0.0,3e-05,0.89,True,False,True,False
-1.5,1.5,1.0,1.0,0.3579,0.9262,1e-05,4e-05,0.81,True,False,True,False
-1.5,1.5,1.0,1.5,0.2903,0.945,1e-05,2e-05,0.81,True,False,True,False
-1.5,1.5,1.0,2.0,0.2161,0.9444,1e-05,0.0,0.81,True,False,False,False
-1.5,1.5,1.5,0.0,0.4128,0.8529,0.0,3e-05,0.94,True,False,True,False
-1.5,1.5,1.5,0.5,0.4001,0.8591,0.0,4e-05,0.9,True,False,True,False
-1.5,1.5,1.5,1.0,0.354,0.867,0.0,4e-05,0.81,True,False,True,False
-1.5,1.5,1.5,1.5,0.2858,0.8747,0.0,1e-05,0.81,True,False,True,False
-1.5,1.5,1.5,2.0,0.2122,0.8804,0.0,0.0,0.81,True,False,False,False
-1.5,1.5,2.0,0.0,0.4128,0.8528,0.0,3e-05,0.93,True,False,True,False
-1.5,1.5,2.0,0.5,0.3965,0.8242,1e-05,3e-05,0.89,True,True,True,True
-1.5,1.5,2.0,1.0,0.3476,0.8059,0.00035,0.00059,19.66,True,True,True,True
-1.5,1.5,2.0,1.5,0.2894,0.8554,0.00012,2e-05,0.81,True,False,True,False
-1.5,1.5,2.0,2.0,0.2058,0.8144,0.0,0.0,0.81,True,True,False,False
-1.0,-0.5,-1.0,0.0,-0.0851,0.9746,1e-05,1e-05,0.81,True,False,False,False
-1.0,-0.5,-1.0,0.5,-0.1021,1.0313,1e-05,0.0,0.81,True,False,False,False
-1.0,-0.5,-1.0,1.0,-0.1004,1.0649,1e-05,0.0,0.81,True,False,False,False
-1.0,-0.5,-1.0,1.5,-0.0802,1.0671,1e-05,0.0,0.81,True,False,False,False
-1.0,-0.5,-1.0,2.0,-0.0463,1.0373,0.0,0.0,0.81,True,False,False,False
-1.0,-0.5,-0.5,0.0,-0.0851,0.9746,1e-05,1e-05,0.81,True,False,False,False
-1.0,-0.5,-0.5,0.5,-0.0697,1.0395,1e-05,1e-05,0.81,True,False,False,False
-1.0,-0.5,-0.5,1.0,-0.0434,1.0795,1e-05,0.0,0.81,True,False,False,False
-1.0,-0.5,-0.5,1.5,-0.0125,1.0843,1e-05,0.0,0.81,True,False,False,False
-1.0,-0.5,-0.5,2.0,0.0153,1.0529,0.0,0.0,0.81,True,False,False,False
-1.0,-0.5,0.0,0.0,-0.0851,0.9746,1e-05,1e-05,0.81,True,False,False,False
-1.0,-0.5,0.0,0.5,-0.0393,1.0307,1e-05,1e-05,0.81,True,False,False,False
-1.0,-0.5,0.0,1.0,0.0102,1.0639,1e-05,1e-05,0.81,True,False,False,False
-1.0,-0.5,0.0,1.5,0.051,1.0658,1e-05,0.0,0.81,True,False,False,False
-1.0,-0.5,0.0,2.0,0.0731,1.036,0.0,0.0,0.81,True,False,False,False
-1.0,-0.5,0.5,0.0,-0.0851,0.9747,1e-05,1e-05,0.81,True,False,False,False
-1.0,-0.5,0.5,0.5,-0.0183,1.0071,1e-05,1e-05,0.81,True,False,False,False
-1.0,-0.5,0.5,1.0,0.0471,1.0221,1e-05,1e-05,0.81,True,False,False,False
-1.0,-0.5,0.5,1.5,0.0946,1.0162,1e-05,1e-05,0.81,True,False,False,False
-1.0,-0.5,0.5,2.0,0.1127,0.9908,0.0,0.0,0.81,True,False,False,False
-1.0,-0.5,1.0,0.0,-0.0851,0.9747,1e-05,1e-05,0.81,True,False,False,False
-1.0,-0.5,1.0,0.5,-0.0118,0.9743,1e-05,1e-05,0.81,True,False,False,False
-1.0,-0.5,1.0,1.0,0.0582,0.9645,1e-05,1e-05,0.81,True,False,False,False
-1.0,-0.5,1.0,1.5,0.1077,0.9478,1e-05,1e-05,0.81,True,False,False,False
-1.0,-0.5,1.0,2.0,0.1246,0.9286,0.0,0.0,0.81,True,False,False,False
-1.0,-0.5,1.5,0.0,-0.085,0.9746,1e-05,1e-05,0.81,True,False,False,False
-1.0,-0.5,1.5,0.5,-0.0214,0.9404,1e-05,1e-05,0.81,True,False,False,False
-1.0,-0.5,1.5,1.0,0.041,0.9051,1e-05,1e-05,0.81,True,False,False,False
-1.0,-0.5,1.5,1.5,0.0871,0.8776,1e-05,1e-05,0.81,True,False,False,False
-1.0,-0.5,1.5,2.0,0.1058,0.8646,1e-05,0.0,0.81,True,False,False,False
-1.0,-0.5,2.0,0.0,-0.085,0.9745,1e-05,1e-05,0.81,True,False,False,False
-1.0,-0.5,2.0,0.5,-0.0449,0.9137,1e-05,1e-05,0.81,True,False,False,False
-1.0,-0.5,2.0,1.0,-0.0003,0.8586,2e-05,1e-05,0.81,True,False,False,False
-1.0,-0.5,2.0,1.5,0.0382,0.8226,1e-05,1e-05,0.81,True,True,False,False
-1.0,-0.5,2.0,2.0,0.0612,0.8145,1e-05,0.0,0.81,True,True,False,False
-1.0,0.0,-1.0,0.0,0.0604,0.8824,1e-05,1e-05,0.81,True,False,False,False
-1.0,0.0,-1.0,0.5,0.0303,0.9478,1e-05,1e-05,0.81,True,False,False,False
-1.0,0.0,-1.0,1.0,0.0071,0.9975,2e-05,1e-05,0.81,True,False,False,False
-1.0,0.0,-1.0,1.5,-0.0033,1.0193,1e-05,1e-05,0.81,True,False,False,False
-1.0,0.0,-1.0,2.0,0.0017,1.0076,0.0,0.0,0.81,True,False,False,False
-1.0,0.0,-0.5,0.0,0.0603,0.8824,1e-05,1e-05,0.81,True,False,False,False
-1.0,0.0,-0.5,0.5,0.0653,0.954,1e-05,1e-05,0.81,True,False,False,False
-1.0,0.0,-0.5,1.0,0.0688,1.0087,2e-05,1e-05,0.81,True,False,False,False
-1.0,0.0,-0.5,1.5,0.0699,1.0325,1e-05,0.0,0.81,True,False,False,False
-1.0,0.0,-0.5,2.0,0.0684,1.0196,0.0,0.0,0.81,True,False,False,False
-1.0,0.0,0.0,0.0,0.0603,0.8824,1e-05,1e-05,0.81,True,False,False,False
-1.0,0.0,0.0,0.5,0.099,0.9428,2e-05,1e-05,0.81,True,False,False,False
-1.0,0.0,0.0,1.0,0.1282,0.9888,2e-05,1e-05,0.81,True,False,False,False
-1.0,0.0,0.0,1.5,0.1404,1.0089,1e-05,1e-05,0.81,True,False,False,False
-1.0,0.0,0.0,2.0,0.1326,0.9981,0.0,0.0,0.81,True,False,False,False
-1.0,0.0,0.5,0.0,0.0603,0.8825,1e-05,1e-05,0.81,True,False,False,False
-1.0,0.0,0.5,0.5,0.1232,0.9168,2e-05,1e-05,0.81,True,False,False,False
-1.0,0.0,0.5,1.0,0.1707,0.9429,2e-05,1e-05,0.81,True,False,False,False
-1.0,0.0,0.5,1.5,0.1908,0.9543,1e-05,1e-05,0.81,True,False,False,False
-1.0,0.0,0.5,2.0,0.1785,0.9484,0.0,0.0,0.81,True,False,False,False
-1.0,0.0,1.0,0.0,0.0603,0.8825,1e-05,1e-05,0.81,True,False,False,False
-1.0,0.0,1.0,0.5,0.1321,0.8824,1e-05,1e-05,0.81,True,False,False,False
-1.0,0.0,1.0,1.0,0.1859,0.8823,2e-05,1e-05,0.81,True,False,False,False
-1.0,0.0,1.0,1.5,0.2087,0.8824,1e-05,1e-05,0.81,True,False,False,False
-1.0,0.0,1.0,2.0,0.1949,0.8829,0.0,0.0,0.81,True,False,False,False
-1.0,0.0,1.5,0.0,0.0605,0.8824,1e-05,1e-05,0.81,True,False,False,False
-1.0,0.0,1.5,0.5,0.1233,0.8479,1e-05,1e-05,0.81,True,True,False,False
-1.0,0.0,1.5,1.0,0.1702,0.8219,1e-05,1e-05,0.81,True,True,False,False
-1.0,0.0,1.5,1.5,0.19,0.8109,1e-05,1e-05,0.81,True,True,False,False
-1.0,0.0,1.5,2.0,0.1779,0.8177,0.0,0.0,0.81,True,True,False,False
-1.0,0.0,2.0,0.0,0.0605,0.8822,1e-05,1e-05,0.81,True,False,False,False
-1.0,0.0,2.0,0.5,0.099,0.8218,1e-05,1e-05,0.81,True,True,False,False
-1.0,0.0,2.0,1.0,0.1276,0.7764,2e-05,1e-05,0.81,True,True,False,False
-1.0,0.0,2.0,1.5,0.1395,0.7571,1e-05,1e-05,0.81,True,True,False,False
-1.0,0.0,2.0,2.0,0.129,0.7954,0.0003,3e-05,0.81,True,True,False,False
-1.0,0.5,-1.0,0.0,0.2033,0.7891,1e-05,1e-05,0.81,True,True,False,False
-1.0,0.5,-1.0,0.5,0.1729,0.8552,1e-05,1e-05,0.81,True,False,False,False
-1.0,0.5,-1.0,1.0,0.1347,0.9152,2e-05,1e-05,0.81,True,False,False,False
-1.0,0.5,-1.0,1.5,0.0983,0.954,1e-05,1e-05,0.81,True,False,False,False
-1.0,0.5,-1.0,2.0,0.0727,0.9622,0.0,0.0,0.81,True,False,False,False
-1.0,0.5,-0.5,0.0,0.2032,0.789,1e-05,1e-05,0.81,True,True,False,False
-1.0,0.5,-0.5,0.5,0.2051,0.863,1e-05,1e-05,0.81,True,False,False,False
-1.0,0.5,-0.5,1.0,0.1915,0.929,2e-05,1e-05,0.81,True,False,False,False
-1.0,0.5,-0.5,1.5,0.1657,0.9705,1e-05,1e-05,0.81,True,False,False,False
-1.0,0.5,-0.5,2.0,0.1341,0.9772,0.0,0.0,0.81,True,False,False,False
-1.0,0.5,0.0,0.0,0.2032,0.7891,1e-05,1e-05,0.81,True,True,False,False
-1.0,0.5,0.0,0.5,0.235,0.8539,1e-05,1e-05,0.81,True,False,False,False
-1.0,0.5,0.0,1.0,0.2442,0.9128,2e-05,1e-05,0.81,True,False,False,False
-1.0,0.5,0.0,1.5,0.2284,0.9514,1e-05,1e-05,0.81,True,False,False,False
-1.0,0.5,0.0,2.0,0.1913,0.9598,0.0,0.0,0.81,True,False,False,False
-1.0,0.5,0.5,0.0,0.2032,0.7891,1e-05,1e-05,0.81,True,True,False,False
-1.0,0.5,0.5,0.5,0.2553,0.8301,1e-05,1e-05,0.81,True,True,True,True
-1.0,0.5,0.5,1.0,0.2799,0.8708,1e-05,1e-05,0.81,True,False,True,False
-1.0,0.5,0.5,1.5,0.2708,0.9014,1e-05,1e-05,0.81,True,False,True,False
-1.0,0.5,0.5,2.0,0.23,0.9144,0.0,0.0,0.81,True,False,False,False
-1.0,0.5,1.0,0.0,0.2032,0.7891,1e-05,1e-05,0.81,True,True,False,False
-1.0,0.5,1.0,0.5,0.2611,0.7974,1e-05,1e-05,0.81,True,True,True,True
-1.0,0.5,1.0,1.0,0.2899,0.8133,1e-05,1e-05,0.81,True,True,True,True
-1.0,0.5,1.0,1.5,0.2826,0.8332,0.0,0.0,0.81,True,True,True,True
-1.0,0.5,1.0,2.0,0.2409,0.8521,0.0,0.0,0.81,True,False,False,False
-1.0,0.5,1.5,0.0,0.2033,0.789,1e-05,1e-05,0.81,True,True,False,False
-1.0,0.5,1.5,0.5,0.2508,0.7638,1e-05,1e-05,0.81,True,True,True,True
-1.0,0.5,1.5,1.0,0.2718,0.7544,1e-05,0.0,0.81,True,True,True,True
-1.0,0.5,1.5,1.5,0.2668,0.7817,0.00011,1e-05,0.81,True,True,True,True
-1.0,0.5,1.5,2.0,0.2214,0.7884,0.0,0.0,0.81,True,True,False,False
-1.0,0.5,2.0,0.0,0.2034,0.7889,1e-05,1e-05,0.81,True,True,False,False
-1.0,0.5,2.0,0.5,0.2271,0.7375,1e-05,1e-05,0.81,True,True,False,False
-1.0,0.5,2.0,1.0,0.2301,0.7086,1e-05,0.0,0.81,True,True,False,False
-1.0,0.5,2.0,1.5,0.1939,0.7326,1e-05,0.00016,0.81,True,True,False,False
-1.0,0.5,2.0,2.0,0.177,0.7846,0.00038,5e-05,1.5,True,True,False,False
-1.0,1.0,-1.0,0.0,0.3095,0.7267,3e-05,2e-05,0.81,True,True,True,True
-1.0,1.0,-1.0,0.5,0.2911,0.7765,1e-05,1e-05,0.81,True,True,True,True
-1.0,1.0,-1.0,1.0,0.2512,0.8381,1e-05,1e-05,0.81,True,True,True,True
-1.0,1.0,-1.0,1.5,0.1996,0.8874,1e-05,1e-05,0.81,True,False,False,False
-1.0,1.0,-1.0,2.0,0.149,0.9122,1e-05,0.0,0.81,True,False,False,False
-1.0,1.0,-0.5,0.0,0.3098,0.7269,3e-05,2e-05,0.81,True,True,True,True
-1.0,1.0,-0.5,0.5,0.316,0.7889,1e-05,1e-05,0.81,True,True,True,True
-1.0,1.0,-0.5,1.0,0.295,0.8601,1e-05,2e-05,0.81,True,False,True,False
-1.0,1.0,-0.5,1.5,0.2517,0.9136,1e-05,1e-05,0.81,True,False,True,False
-1.0,1.0,-0.5,2.0,0.1965,0.9362,0.0,0.0,0.81,True,False,False,False
-1.0,1.0,0.0,0.0,0.3099,0.7268,3e-05,2e-05,0.81,True,True,True,True
-1.0,1.0,0.0,0.5,0.3361,0.786,0.0,2e-05,0.81,True,True,True,True
-1.0,1.0,0.0,1.0,0.3306,0.855,1e-05,2e-05,0.81,True,False,True,False
-1.0,1.0,0.0,1.5,0.2939,0.9075,1e-05,1e-05,0.81,True,False,True,False
-1.0,1.0,0.0,2.0,0.235,0.9307,0.0,0.0,0.81,True,False,False,False
-1.0,1.0,0.5,0.0,0.3097,0.7266,3e-05,2e-05,0.81,True,True,True,True
-1.0,1.0,0.5,0.5,0.3466,0.7685,1e-05,3e-05,0.81,True,True,True,True
-1.0,1.0,0.5,1.0,0.349,0.8241,0.0,3e-05,0.81,True,True,True,True
-1.0,1.0,0.5,1.5,0.3159,0.8709,0.0,1e-05,0.81,True,False,True,False
-1.0,1.0,0.5,2.0,0.2552,0.8973,0.0,0.0,0.81,True,False,True,False
-1.0,1.0,1.0,0.0,0.3095,0.7264,3e-05,2e-05,0.81,True,True,True,True
-1.0,1.0,1.0,0.5,0.3536,0.7724,1e-05,0.0,0.81,True,True,True,True
-1.0,1.0,1.0,1.0,0.3459,0.7751,1e-05,3e-05,0.81,True,True,True,True
-1.0,1.0,1.0,1.5,0.3122,0.8126,0.0,1e-05,0.81,True,True,True,True
-1.0,1.0,1.0,2.0,0.252,0.8442,0.0,0.0,0.81,True,True,True,True
-1.0,1.0,1.5,0.0,0.3095,0.7265,3e-05,2e-05,0.81,True,True,True,True
-1.0,1.0,1.5,0.5,0.3332,0.752,0.00013,0.00015,0.81,True,True,True,True
-1.0,1.0,1.5,1.0,0.3477,0.7757,5e-05,0.0,0.81,True,True,True,True
-1.0,1.0,1.5,1.5,0.2926,0.7709,7e-05,0.0,0.81,True,True,True,True
-1.0,1.0,1.5,2.0,0.2263,0.7844,0.0,0.0,0.81,True,True,False,False
-1.0,1.0,2.0,0.0,0.3095,0.7265,3e-05,2e-05,0.81,True,True,True,True
-1.0,1.0,2.0,0.5,0.2966,0.7134,7e-05,6e-05,0.81,True,True,True,True
-1.0,1.0,2.0,1.0,0.3445,0.7742,0.0007,0.00176,23.09,True,True,True,True
-1.0,1.0,2.0,1.5,0.274,0.7738,0.00028,0.00021,2.53,True,True,True,True
-1.0,1.0,2.0,2.0,0.1861,0.7724,2e-05,4e-05,0.81,True,True,False,False
-1.0,1.5,-1.0,0.0,0.3849,0.7759,0.00025,0.00037,50.8,True,True,True,True
-1.0,1.5,-1.0,0.5,0.3691,0.7679,0.0,0.0,0.81,True,True,True,True
-1.0,1.5,-1.0,1.0,0.3293,0.7858,1e-05,3e-05,0.81,True,True,True,True
-1.0,1.5,-1.0,1.5,0.2766,0.836,0.0,2e-05,0.81,True,True,True,True
-1.0,1.5,-1.0,2.0,0.2125,0.8701,0.0,1e-05,0.81,True,False,False,False
-1.0,1.5,-0.5,0.0,0.388,0.7723,0.00062,0.00057,2.28,True,True,True,True
-1.0,1.5,-0.5,0.5,0.3767,0.7646,0.0,0.0,0.81,True,True,True,True
-1.0,1.5,-0.5,1.0,0.3554,0.8194,0.0,3e-05,0.81,True,True,True,True
-1.0,1.5,-0.5,1.5,0.3076,0.8761,0.0,3e-05,0.81,True,False,True,False
-1.0,1.5,-0.5,2.0,0.2407,0.9067,0.0,1e-05,0.81,True,False,False,False
-1.0,1.5,0.0,0.0,0.3946,0.7728,0.00091,0.00099,9.13,True,True,True,True
-1.0,1.5,0.0,0.5,0.3816,0.7638,0.0,0.0,0.81,True,True,True,True
-1.0,1.5,0.0,1.0,0.3675,0.8299,0.0,3e-05,0.81,True,True,True,True
-1.0,1.5,0.0,1.5,0.3219,0.8886,0.0,3e-05,0.81,True,False,True,False
-1.0,1.5,0.0,2.0,0.2537,0.9181,0.0,1e-05,0.81,True,False,True,False
-1.0,1.5,0.5,0.0,0.3949,0.7729,0.00061,0.0006,1.67,True,True,True,True
-1.0,1.5,0.5,0.5,0.3821,0.765,0.0,0.0,0.81,True,True,True,True
-1.0,1.5,0.5,1.0,0.3625,0.8147,1e-05,3e-05,0.81,True,True,True,True
-1.0,1.5,0.5,1.5,0.316,0.8705,0.0,3e-05,0.81,True,False,True,False
-1.0,1.5,0.5,2.0,0.2484,0.9016,0.0,1e-05,0.81,True,False,False,False
-1.0,1.5,1.0,0.0,0.3971,0.777,5e-05,1e-05,51.71,True,True,True,True
-1.0,1.5,1.0,0.5,0.3793,0.7686,0.0,0.0,0.81,True,True,True,True
-1.0,1.5,1.0,1.0,0.3416,0.7774,2e-05,5e-05,0.81,True,True,True,True
-1.0,1.5,1.0,1.5,0.2933,0.8379,0.0,7e-05,0.81,True,True,True,True
-1.0,1.5,1.0,2.0,0.2259,0.8612,0.0,1e-05,0.81,True,False,False,False
-1.0,1.5,1.5,0.0,0.399,0.778,0.0,0.0,0.81,True,True,True,True
-1.0,1.5,1.5,0.5,0.3793,0.7753,0.00013,6e-05,37.72,True,True,True,True
-1.0,1.5,1.5,1.0,0.3236,0.7688,1e-05,0.0,148.31,True,True,True,True
-1.0,1.5,1.5,1.5,0.2539,0.7668,0.00013,9e-05,2.63,True,True,True,True
-1.0,1.5,1.5,2.0,0.1919,0.8069,0.0,0.0,0.81,True,True,False,False
-1.0,1.5,2.0,0.0,0.3619,0.7069,0.0001,0.0,0.81,True,True,True,True
-1.0,1.5,2.0,0.5,0.3762,0.7772,0.00026,0.00112,9.76,True,True,True,True
-1.0,1.5,2.0,1.0,0.2921,0.7726,0.00029,0.00056,478.71,True,True,True,True
-1.0,1.5,2.0,1.5,0.2193,0.7709,5e-05,0.00028,1.4,True,True,False,False
-1.0,1.5,2.0,2.0,0.1863,0.7685,0.0,1e-05,0.81,True,True,False,False
-0.5,-0.5,-1.0,0.0,-0.023,1.0307,1e-05,2e-05,0.81,True,False,False,False
-0.5,-0.5,-1.0,0.5,-0.0106,1.0889,1e-05,1e-05,0.81,True,False,False,False
-0.5,-0.5,-1.0,1.0,0.0071,1.1179,1e-05,1e-05,0.81,True,False,False,False
-0.5,-0.5,-1.0,1.5,0.0257,1.1103,1e-05,1e-05,0.81,True,False,False,False
-0.5,-0.5,-1.0,2.0,0.0408,1.0681,0.0,0.0,0.81,True,False,False,False
-0.5,-0.5,-0.5,0.0,-0.023,1.0308,1e-05,2e-05,0.81,True,False,False,False
-0.5,-0.5,-0.5,0.5,0.0218,1.0804,1e-05,2e-05,0.81,True,False,False,False
-0.5,-0.5,-0.5,1.0,0.0641,1.1029,1e-05,2e-05,0.81,True,False,False,False
-0.5,-0.5,-0.5,1.5,0.0934,1.0925,1e-05,1e-05,0.81,True,False,False,False
-0.5,-0.5,-0.5,2.0,0.1023,1.0519,0.0,0.0,0.81,True,False,False,False
-0.5,-0.5,0.0,0.0,-0.023,1.0308,1e-05,2e-05,0.81,True,False,False,False
-0.5,-0.5,0.0,0.5,0.0443,1.0579,1e-05,2e-05,0.81,True,False,False,False
-0.5,-0.5,0.0,1.0,0.1036,1.0633,2e-05,2e-05,0.81,True,False,False,False
-0.5,-0.5,0.0,1.5,0.14,1.0455,1e-05,1e-05,0.81,True,False,False,False
-0.5,-0.5,0.0,2.0,0.1447,1.0091,0.0,0.0,0.81,True,False,False,False
-0.5,-0.5,0.5,0.0,-0.023,1.0308,1e-05,2e-05,0.81,True,False,False,False
-0.5,-0.5,0.5,0.5,0.0514,1.0269,1e-05,2e-05,0.81,True,False,False,False
-0.5,-0.5,0.5,1.0,0.1157,1.0088,2e-05,2e-05,0.81,True,False,False,False
-0.5,-0.5,0.5,1.5,0.1543,0.9809,1e-05,2e-05,0.81,True,False,False,False
-0.5,-0.5,0.5,2.0,0.1577,0.9504,0.0,0.0,0.81,True,False,False,False
-0.5,-0.5,1.0,0.0,-0.0229,1.0308,1e-05,1e-05,0.81,True,False,False,False
-0.5,-0.5,1.0,0.5,0.0412,0.995,1e-05,2e-05,0.81,True,False,False,False
-0.5,-0.5,1.0,1.0,0.0977,0.9528,1e-05,2e-05,0.81,True,False,False,False
-0.5,-0.5,1.0,1.5,0.1328,0.9148,1e-05,2e-05,0.81,True,False,False,False
-0.5,-0.5,1.0,2.0,0.1382,0.8902,0.0,1e-05,0.81,True,False,False,False
-0.5,-0.5,1.5,0.0,-0.0228,1.0306,1e-05,2e-05,0.81,True,False,False,False
-0.5,-0.5,1.5,0.5,0.0164,0.9699,1e-05,2e-05,0.81,True,False,False,False
-0.5,-0.5,1.5,1.0,0.0541,0.9091,1e-05,2e-05,0.81,True,False,False,False
-0.5,-0.5,1.5,1.5,0.0811,0.8631,1e-05,2e-05,0.81,True,False,False,False
-0.5,-0.5,1.5,2.0,0.091,0.8431,1e-05,1e-05,0.81,True,True,False,False
-0.5,-0.5,2.0,0.0,-0.023,1.0305,1e-05,2e-05,0.81,True,False,False,False
-0.5,-0.5,2.0,0.5,-0.0171,0.9578,1e-05,2e-05,0.81,True,False,False,False
-0.5,-0.5,2.0,1.0,-0.0045,0.8881,1e-05,3e-05,0.81,True,False,False,False
-0.5,-0.5,2.0,1.5,0.0118,0.8384,1e-05,2e-05,0.81,True,True,False,False
-0.5,-0.5,2.0,2.0,0.0278,0.8206,1e-05,1e-05,0.81,True,True,False,False
-0.5,0.0,-1.0,0.0,0.0602,0.8795,1e-05,2e-05,0.82,True,False,False,False
-0.5,0.0,-1.0,0.5,0.0652,0.9513,1e-05,2e-05,0.81,True,False,False,False
-0.5,0.0,-1.0,1.0,0.0687,1.0064,2e-05,3e-05,0.81,True,False,False,False
-0.5,0.0,-1.0,1.5,0.0699,1.0309,1e-05,2e-05,0.81,True,False,False,False
-0.5,0.0,-1.0,2.0,0.0684,1.0186,0.0,1e-05,0.81,True,False,False,False
-0.5,0.0,-0.5,0.0,0.0602,0.8795,1e-05,2e-05,0.82,True,False,False,False
-0.5,0.0,-0.5,0.5,0.0989,0.9401,1e-05,3e-05,0.81,True,False,False,False
-0.5,0.0,-0.5,1.0,0.1281,0.9866,2e-05,3e-05,0.81,True,False,False,False
-0.5,0.0,-0.5,1.5,0.1404,1.0072,1e-05,2e-05,0.81,True,False,False,False
-0.5,0.0,-0.5,2.0,0.1326,0.9971,0.0,0.0,0.81,True,False,False,False
-0.5,0.0,0.0,0.0,0.0602,0.8795,1e-05,3e-05,0.83,True,False,False,False
-0.5,0.0,0.0,0.5,0.1231,0.9141,2e-05,3e-05,0.81,True,False,False,False
-0.5,0.0,0.0,1.0,0.1706,0.9406,2e-05,3e-05,0.81,True,False,False,False
-0.5,0.0,0.0,1.5,0.1907,0.9527,1e-05,1e-05,0.81,True,False,False,False
-0.5,0.0,0.0,2.0,0.1785,0.9474,0.0,0.0,0.81,True,False,False,False
-0.5,0.0,0.5,0.0,0.0602,0.8796,1e-05,2e-05,0.83,True,False,False,False
-0.5,0.0,0.5,0.5,0.1319,0.8796,1e-05,3e-05,0.81,True,False,False,False
-0.5,0.0,0.5,1.0,0.1858,0.88,2e-05,3e-05,0.81,True,False,False,False
-0.5,0.0,0.5,1.5,0.2087,0.8808,1e-05,2e-05,0.81,True,False,False,False
-0.5,0.0,0.5,2.0,0.1949,0.8819,0.0,0.0,0.81,True,False,False,False
-0.5,0.0,1.0,0.0,0.0603,0.8795,1e-05,2e-05,0.82,True,False,False,False
-0.5,0.0,1.0,0.5,0.1231,0.8452,1e-05,2e-05,0.81,True,True,False,False
-0.5,0.0,1.0,1.0,0.1701,0.8196,1e-05,3e-05,0.81,True,True,False,False
-0.5,0.0,1.0,1.5,0.19,0.8093,1e-05,2e-05,0.81,True,True,False,False
-0.5,0.0,1.0,2.0,0.178,0.8166,0.0,1e-05,0.81,True,True,False,False
-0.5,0.0,1.5,0.0,0.0604,0.8793,1e-05,2e-05,0.83,True,False,False,False
-0.5,0.0,1.5,0.5,0.0989,0.8191,1e-05,2e-05,0.81,True,True,False,False
-0.5,0.0,1.5,1.0,0.1275,0.7742,1e-05,2e-05,0.81,True,True,False,False
-0.5,0.0,1.5,1.5,0.1394,0.7555,1e-05,2e-05,0.81,True,True,False,False
-0.5,0.0,1.5,2.0,0.1314,0.7974,0.00022,2e-05,0.81,True,True,False,False
-0.5,0.0,2.0,0.0,0.0602,0.8792,1e-05,2e-05,0.84,True,False,False,False
-0.5,0.0,2.0,0.5,0.065,0.8079,1e-05,2e-05,0.81,True,True,False,False
-0.5,0.0,2.0,1.0,0.0684,0.7547,2e-05,3e-05,0.81,True,True,False,False
-0.5,0.0,2.0,1.5,0.0694,0.7324,1e-05,2e-05,0.81,True,True,False,False
-0.5,0.0,2.0,2.0,0.0666,0.7466,0.0,0.0,0.81,True,True,False,False
-0.5,0.5,-1.0,0.0,0.1411,0.7297,1e-05,2e-05,0.81,True,True,False,False
-0.5,0.5,-1.0,0.5,0.1459,0.8022,1e-05,2e-05,0.81,True,True,False,False
-0.5,0.5,-1.0,1.0,0.1411,0.8731,1e-05,3e-05,0.81,True,False,False,False
-0.5,0.5,-1.0,1.5,0.1275,0.925,1e-05,2e-05,0.81,True,False,False,False
-0.5,0.5,-1.0,2.0,0.1087,0.9447,0.0,1e-05,0.81,True,False,False,False
-0.5,0.5,-0.5,0.0,0.141,0.7297,1e-05,2e-05,0.81,True,True,False,False
-0.5,0.5,-0.5,0.5,0.1779,0.7938,1e-05,3e-05,0.81,True,True,False,False
-0.5,0.5,-0.5,1.0,0.1974,0.8583,1e-05,3e-05,0.81,True,False,False,False
-0.5,0.5,-0.5,1.5,0.1945,0.9072,1e-05,2e-05,0.81,True,False,False,False
-0.5,0.5,-0.5,2.0,0.1698,0.9286,0.0,0.0,0.81,True,False,False,False
-0.5,0.5,0.0,0.0,0.141,0.7298,1e-05,2e-05,0.81,True,True,False,False
-0.5,0.5,0.0,0.5,0.1998,0.7716,1e-05,3e-05,0.81,True,True,False,False
-0.5,0.5,0.0,1.0,0.2359,0.8191,1e-05,3e-05,0.81,True,True,False,False
-0.5,0.5,0.0,1.5,0.2402,0.8607,1e-05,1e-05,0.81,True,False,False,False
-0.5,0.5,0.0,2.0,0.2116,0.8862,0.0,0.0,0.81,True,False,False,False
-0.5,0.5,0.5,0.0,0.1411,0.7298,1e-05,2e-05,0.81,True,True,False,False
-0.5,0.5,0.5,0.5,0.2063,0.7411,1e-05,2e-05,0.81,True,True,False,False
-0.5,0.5,0.5,1.0,0.2472,0.7654,1e-05,2e-05,0.81,True,True,False,False
-0.5,0.5,0.5,1.5,0.2535,0.7969,0.0,1e-05,0.81,True,True,True,True
-0.5,0.5,0.5,2.0,0.2238,0.8279,0.0,0.0,0.81,True,True,False,False
-0.5,0.5,1.0,0.0,0.1412,0.7297,1e-05,2e-05,0.81,True,True,False,False
-0.5,0.5,1.0,0.5,0.1958,0.7097,1e-05,2e-05,0.81,True,True,False,False
-0.5,0.5,1.0,1.0,0.2285,0.7103,1e-05,2e-05,0.81,True,True,False,False
-0.5,0.5,1.0,1.5,0.2461,0.7744,0.00023,1e-05,0.81,True,True,False,False
-0.5,0.5,1.0,2.0,0.2047,0.7707,0.0,0.0,0.81,True,True,False,False
-0.5,0.5,1.5,0.0,0.1412,0.7296,1e-05,2e-05,0.81,True,True,False,False
-0.5,0.5,1.5,0.5,0.1708,0.6851,1e-05,1e-05,0.81,True,False,False,False
-0.5,0.5,1.5,1.0,0.1846,0.6673,1e-05,1e-05,0.81,True,False,False,False
-0.5,0.5,1.5,1.5,0.1701,0.6876,2e-05,0.00014,0.81,True,False,False,False
-0.5,0.5,1.5,2.0,0.156,0.7759,0.00022,0.00014,0.81,True,True,False,False
-0.5,0.5,2.0,0.0,0.1411,0.7295,1e-05,2e-05,0.81,True,True,False,False
-0.5,0.5,2.0,0.5,0.1374,0.6734,1e-05,1e-05,0.81,True,False,False,False
-0.5,0.5,2.0,1.0,0.1262,0.6468,1e-05,1e-05,0.81,True,False,False,False
-0.5,0.5,2.0,1.5,0.0694,0.6623,4e-05,4e-05,0.81,True,False,False,False
-0.5,0.5,2.0,2.0,0.0618,0.7042,5e-05,0.00015,0.81,True,True,False,False
-0.5,1.0,-1.0,0.0,0.1788,0.6496,0.00012,6e-05,1.28,True,False,False,False
-0.5,1.0,-1.0,0.5,0.2046,0.6994,7e-05,6e-05,0.81,True,True,False,False
-0.5,1.0,-1.0,1.0,0.2036,0.7627,1e-05,1e-05,0.81,True,True,False,False
-0.5,1.0,-1.0,1.5,0.183,0.828,0.0,1e-05,0.81,True,True,False,False
-0.5,1.0,-1.0,2.0,0.1497,0.8718,0.0,1e-05,0.81,True,False,False,False
-0.5,1.0,-0.5,0.0,0.178,0.6486,0.00013,7e-05,1.02,True,False,False,False
-0.5,1.0,-0.5,0.5,0.2259,0.7067,4e-05,4e-05,0.81,True,True,False,False
-0.5,1.0,-0.5,1.0,0.2547,0.7826,0.00013,8e-05,0.81,True,True,True,True
-0.5,1.0,-0.5,1.5,0.2419,0.8269,0.0,1e-05,0.81,True,True,False,False
-0.5,1.0,-0.5,2.0,0.2034,0.8708,0.0,1e-05,0.81,True,False,False,False
-0.5,1.0,0.0,0.0,0.1771,0.648,0.00013,6e-05,0.81,True,False,False,False
-0.5,1.0,0.0,0.5,0.2353,0.7006,1e-05,1e-05,0.81,True,True,False,False
-0.5,1.0,0.0,1.0,0.2945,0.7775,0.0,0.0,0.81,True,True,True,True
-0.5,1.0,0.0,1.5,0.2775,0.8062,0.0,0.0,0.81,True,True,True,True
-0.5,1.0,0.0,2.0,0.2361,0.8473,0.0,0.0,0.81,True,True,False,False
-0.5,1.0,0.5,0.0,0.1771,0.6481,0.00013,6e-05,0.81,True,False,False,False
-0.5,1.0,0.5,0.5,0.2265,0.6793,0.00022,0.00023,0.81,True,False,False,False
-0.5,1.0,0.5,1.0,0.314,0.7559,0.0004,0.00015,278.8,True,True,True,True
-0.5,1.0,0.5,1.5,0.2895,0.7855,1e-05,0.0,0.81,True,True,True,True
-0.5,1.0,0.5,2.0,0.2394,0.8085,2e-05,0.0,0.81,True,True,False,False
-0.5,1.0,1.0,0.0,0.1775,0.6483,0.00012,6e-05,0.81,True,False,False,False
-0.5,1.0,1.0,0.5,0.2093,0.6582,0.0003,0.00032,20.45,True,False,False,False
-0.5,1.0,1.0,1.0,0.3039,0.7605,0.00119,3e-05,29.71,True,True,True,True
-0.5,1.0,1.0,1.5,0.2764,0.7543,0.00051,0.00017,272.32,True,True,True,True
-0.5,1.0,1.0,2.0,0.2222,0.7821,0.00031,1e-05,1.89,True,True,False,False
-0.5,1.0,1.5,0.0,0.178,0.6486,0.00012,5e-05,0.81,True,False,False,False
-0.5,1.0,1.5,0.5,0.1862,0.6412,0.00048,0.00014,60.38,True,False,False,False
-0.5,1.0,1.5,1.0,0.1834,0.6406,0.00087,5e-05,11.27,True,False,False,False
-0.5,1.0,1.5,1.5,0.1734,0.7544,0.00023,7e-05,348.41,True,True,False,False
-0.5,1.0,1.5,2.0,0.1764,0.7542,4e-05,9e-05,320.02,True,True,False,False
-0.5,1.0,2.0,0.0,0.178,0.6485,0.00012,6e-05,0.81,True,False,False,False
-0.5,1.0,2.0,0.5,0.1549,0.6288,0.00025,0.00015,75.84,True,False,False,False
-0.5,1.0,2.0,1.0,0.0416,0.6103,0.00196,0.00152,111.0,True,False,False,False
-0.5,1.0,2.0,1.5,0.0314,0.6286,0.00106,0.00019,42.52,True,False,False,False
-0.5,1.0,2.0,2.0,0.0373,0.687,8e-05,0.00015,6.75,True,False,False,False
-0.5,1.5,-1.0,0.0,0.2134,0.7131,0.00713,0.00124,42.78,True,True,False,False
-0.5,1.5,-1.0,0.5,0.2593,0.7978,0.00257,0.00114,19.56,True,True,True,True
-0.5,1.5,-1.0,1.0,0.2607,0.7981,0.0029,0.00128,14.51,True,True,True,True
-0.5,1.5,-1.0,1.5,0.2537,0.8022,0.00072,0.0002,36.39,True,True,True,True
-0.5,1.5,-1.0,2.0,0.2025,0.8386,4e-05,0.0001,1.19,True,True,False,False
-0.5,1.5,-0.5,0.0,0.2154,0.6775,0.0035,0.00246,2030.75,False,False,False,False
-0.5,1.5,-0.5,0.5,0.3254,0.7957,0.00367,0.00237,27.26,True,True,True,True
-0.5,1.5,-0.5,1.0,0.3239,0.7963,0.00361,0.00238,24.51,True,True,True,True
-0.5,1.5,-0.5,1.5,0.2975,0.8218,4e-05,0.00016,1.16,True,True,True,True
-0.5,1.5,-0.5,2.0,0.2395,0.8663,2e-05,0.00013,1.19,True,False,False,False
-0.5,1.5,0.0,0.0,0.2275,0.6907,0.00077,0.00359,349.2,True,True,False,False
-0.5,1.5,0.0,0.5,0.3434,0.7964,0.00372,0.00249,43.29,True,True,True,True
-0.5,1.5,0.0,1.0,0.3441,0.7961,0.00376,0.00267,92.66,True,True,True,True
-0.5,1.5,0.0,1.5,0.3158,0.829,4e-05,0.00017,1.16,True,True,True,True
-0.5,1.5,0.0,2.0,0.2562,0.8728,1e-05,0.00014,1.19,True,False,True,False
-0.5,1.5,0.5,0.0,0.1956,0.658,0.00036,0.00025,2.54,True,False,False,False
-0.5,1.5,0.5,0.5,0.3295,0.7959,0.00402,0.00203,29.28,True,True,True,True
-0.5,1.5,0.5,1.0,0.3267,0.7978,0.00389,0.0019,33.11,True,True,True,True
-0.5,1.5,0.5,1.5,0.3072,0.8114,1e-05,0.00013,44.36,True,True,True,True
-0.5,1.5,0.5,2.0,0.2484,0.8564,2e-05,0.00014,1.19,True,False,False,False
-0.5,1.5,1.0,0.0,0.1955,0.6579,0.00036,0.00024,1.76,True,False,False,False
-0.5,1.5,1.0,0.5,0.2898,0.7855,0.00421,0.00178,909.75,True,True,True,True
-0.5,1.5,1.0,1.0,0.2657,0.7962,0.00328,0.00101,16.76,True,True,True,True
-0.5,1.5,1.0,1.5,0.2544,0.8016,0.0033,0.00104,27.51,True,True,True,True
-0.5,1.5,1.0,2.0,0.2179,0.8216,4e-05,0.00012,1.2,True,True,False,False
-0.5,1.5,1.5,0.0,0.1955,0.658,0.00036,0.00024,2.21,True,False,False,False
-0.5,1.5,1.5,0.5,0.1138,0.5948,1e-05,7e-05,0.81,True,False,False,False
-0.5,1.5,1.5,1.0,0.1814,0.786,0.00185,0.00087,1441.79,True,True,False,False
-0.5,1.5,1.5,1.5,0.1794,0.7874,0.00148,0.00094,53.08,True,True,False,False
-0.5,1.5,1.5,2.0,0.1779,0.7908,0.00014,0.00035,114.22,True,True,False,False
-0.5,1.5,2.0,0.0,0.1963,0.6585,0.00037,0.00026,1.79,True,False,False,False
-0.5,1.5,2.0,0.5,0.0543,0.622,0.00039,0.00069,4.84,True,False,False,False
-0.5,1.5,2.0,1.0,0.0536,0.6203,0.00039,0.00071,5.7,True,False,False,False
-0.5,1.5,2.0,1.5,0.1142,0.644,0.00018,0.00032,1.91,True,False,False,False
-0.5,1.5,2.0,2.0,0.1787,0.777,0.00028,0.00125,523.04,True,True,False,False
0.0,-0.5,-1.0,0.0,0.0579,1.0508,0.0,2e-05,0.81,True,False,False,False
0.0,-0.5,-1.0,0.5,0.0969,1.0958,0.0,2e-05,0.81,True,False,False,False
0.0,-0.5,-1.0,1.0,0.1265,1.1127,0.0,2e-05,0.81,True,False,False,False
0.0,-0.5,-1.0,1.5,0.1392,1.0972,0.0,1e-05,0.81,True,False,False,False
0.0,-0.5,-1.0,2.0,0.1319,1.0531,0.0,0.0,0.81,True,False,False,False
0.0,-0.5,-0.5,0.0,0.0579,1.0508,0.0,2e-05,0.81,True,False,False,False
0.0,-0.5,-0.5,0.5,0.1212,1.0727,0.0,2e-05,0.81,True,False,False,False
0.0,-0.5,-0.5,1.0,0.1691,1.072,0.0,3e-05,0.81,True,False,False,False
0.0,-0.5,-0.5,1.5,0.1897,1.0489,0.0,1e-05,0.81,True,False,False,False
0.0,-0.5,-0.5,2.0,0.1778,1.0092,0.0,0.0,0.81,True,False,False,False
0.0,-0.5,0.0,0.0,0.0579,1.0508,0.0,2e-05,0.81,True,False,False,False
0.0,-0.5,0.0,0.5,0.1301,1.0421,0.0,3e-05,0.81,True,False,False,False
0.0,-0.5,0.0,1.0,0.1844,1.0183,0.0,3e-05,0.81,True,False,False,False
0.0,-0.5,0.0,1.5,0.2077,0.9853,0.0,2e-05,0.81,True,False,False,False
0.0,-0.5,0.0,2.0,0.1943,0.9514,0.0,0.0,0.81,True,False,False,False
0.0,-0.5,0.5,0.0,0.058,1.0508,0.0,2e-05,0.81,True,False,False,False
0.0,-0.5,0.5,0.5,0.1212,1.0115,0.0,3e-05,0.81,True,False,False,False
0.0,-0.5,0.5,1.0,0.1687,0.9647,0.0,4e-05,0.81,True,False,False,False
0.0,-0.5,0.5,1.5,0.1891,0.9219,0.0,2e-05,0.81,True,False,False,False
0.0,-0.5,0.5,2.0,0.1773,0.8937,0.0,0.0,0.81,True,False,False,False
0.0,-0.5,1.0,0.0,0.058,1.0507,0.0,2e-05,0.82,True,False,False,False
0.0,-0.5,1.0,0.5,0.0969,0.9883,0.0,2e-05,0.82,True,False,False,False
0.0,-0.5,1.0,1.0,0.126,0.9243,0.0,3e-05,0.81,True,False,False,False
0.0,-0.5,1.0,1.5,0.1384,0.8743,0.0,3e-05,0.81,True,False,False,False
0.0,-0.5,1.0,2.0,0.1312,0.8503,0.0,1e-05,0.81,True,False,False,False
0.0,-0.5,1.5,0.0,0.0579,1.0506,0.0,2e-05,0.82,True,False,False,False
0.0,-0.5,1.5,0.5,0.0629,0.9784,0.0,2e-05,0.83,True,False,False,False
0.0,-0.5,1.5,1.0,0.0667,0.907,0.0,3e-05,0.81,True,False,False,False
0.0,-0.5,1.5,1.5,0.0683,0.8538,0.0,3e-05,0.81,True,False,False,False
0.0,-0.5,1.5,2.0,0.0673,0.8317,0.0,1e-05,0.81,True,True,False,False
0.0,-0.5,2.0,0.0,0.0578,1.0506,0.0,2e-05,0.82,True,False,False,False
0.0,-0.5,2.0,0.5,0.0278,0.9841,0.0,2e-05,0.82,True,False,False,False
0.0,-0.5,2.0,1.0,0.0052,0.9169,0.0,3e-05,0.81,True,False,False,False
0.0,-0.5,2.0,1.5,-0.0044,0.8655,0.0,3e-05,0.81,True,False,False,False
0.0,-0.5,2.0,2.0,0.0011,0.8423,0.0,1e-05,0.81,True,True,False,False
0.0,0.0,-1.0,0.0,0.0577,0.878,0.0,3e-05,0.94,True,False,False,False
0.0,0.0,-1.0,0.5,0.0966,0.9387,0.0,3e-05,0.91,True,False,False,False
0.0,0.0,-1.0,1.0,0.1262,0.9854,0.0,3e-05,0.81,True,False,False,False
0.0,0.0,-1.0,1.5,0.139,1.0064,0.0,2e-05,0.81,True,False,False,False
0.0,0.0,-1.0,2.0,0.1318,0.9965,0.0,1e-05,0.81,True,False,False,False
0.0,0.0,-0.5,0.0,0.0577,0.8781,0.0,3e-05,0.94,True,False,False,False
0.0,0.0,-0.5,0.5,0.1208,0.9127,0.0,3e-05,0.9,True,False,False,False
0.0,0.0,-0.5,1.0,0.1687,0.9395,0.0,4e-05,0.81,True,False,False,False
0.0,0.0,-0.5,1.5,0.1894,0.9518,0.0,2e-05,0.81,True,False,False,False
0.0,0.0,-0.5,2.0,0.1777,0.9468,0.0,0.0,0.81,True,False,False,False
0.0,0.0,0.0,0.0,0.0577,0.8781,0.0,3e-05,0.94,True,False,False,False
0.0,0.0,0.0,0.5,0.1297,0.8782,0.0,4e-05,0.89,True,False,False,False
0.0,0.0,0.0,1.0,0.184,0.8789,0.0,4e-05,0.81,True,False,False,False
0.0,0.0,0.0,1.5,0.2074,0.8799,0.0,2e-05,0.81,True,False,False,False
0.0,0.0,0.0,2.0,0.1941,0.8813,0.0,0.0,0.81,True,False,False,False
0.0,0.0,0.5,0.0,0.0579,0.878,0.0,3e-05,0.94,True,False,False,False
0.0,0.0,0.5,0.5,0.1209,0.8438,0.0,3e-05,0.9,True,True,False,False
0.0,0.0,0.5,1.0,0.1683,0.8185,0.0,4e-05,0.81,True,True,False,False
0.0,0.0,0.5,1.5,0.1887,0.8084,0.0,2e-05,0.81,True,True,False,False
0.0,0.0,0.5,2.0,0.1772,0.8161,0.0,0.0,0.81,True,True,False,False
0.0,0.0,1.0,0.0,0.0579,0.8779,0.0,3e-05,0.95,True,False,False,False
0.0,0.0,1.0,0.5,0.0966,0.8177,0.0,3e-05,0.91,True,True,False,False
0.0,0.0,1.0,1.0,0.1257,0.773,0.0,4e-05,0.81,True,True,False,False
0.0,0.0,1.0,1.5,0.1382,0.7546,0.0,2e-05,0.81,True,True,False,False
0.0,0.0,1.0,2.0,0.1361,0.7986,0.00025,2e-05,0.81,True,True,False,False
0.0,0.0,1.5,0.0,0.0578,0.8778,0.0,3e-05,0.95,True,False,False,False
0.0,0.0,1.5,0.5,0.0628,0.8065,0.0,3e-05,0.92,True,True,False,False
0.0,0.0,1.5,1.0,0.0665,0.7535,0.0,3e-05,0.81,True,True,False,False
0.0,0.0,1.5,1.5,0.0681,0.7316,0.0,2e-05,0.81,True,True,False,False
0.0,0.0,1.5,2.0,0.0663,0.7458,0.0,0.0,0.81,True,True,False,False
0.0,0.0,2.0,0.0,0.0576,0.8778,0.0,3e-05,0.95,True,False,False,False
0.0,0.0,2.0,0.5,0.0277,0.8129,0.0,3e-05,0.91,True,True,False,False
0.0,0.0,2.0,1.0,0.0053,0.7646,0.0,3e-05,0.81,True,True,False,False
0.0,0.0,2.0,1.5,-0.0044,0.7447,0.0,2e-05,0.81,True,True,False,False
0.0,0.0,2.0,2.0,0.0011,0.7579,0.0,1e-05,0.81,True,True,False,False
0.0,0.5,-1.0,0.0,0.0576,0.708,0.0,3e-05,0.84,True,True,False,False
0.0,0.5,-1.0,0.5,0.0963,0.7694,0.0,3e-05,0.84,True,True,False,False
0.0,0.5,-1.0,1.0,0.1259,0.834,0.0,4e-05,0.81,True,True,False,False
0.0,0.5,-1.0,1.5,0.1387,0.8861,0.0,3e-05,0.81,True,False,False,False
0.0,0.5,-1.0,2.0,0.1316,0.9126,0.0,1e-05,0.81,True,False,False,False
0.0,0.5,-0.5,0.0,0.0576,0.708,0.0,3e-05,0.84,True,True,False,False
0.0,0.5,-0.5,0.5,0.1205,0.7468,0.0,3e-05,0.81,True,True,False,False
0.0,0.5,-0.5,1.0,0.1683,0.7942,0.0,4e-05,0.81,True,True,False,False
0.0,0.5,-0.5,1.5,0.189,0.8386,0.0,2e-05,0.81,True,True,False,False
0.0,0.5,-0.5,2.0,0.1775,0.8693,0.0,0.0,0.81,True,False,False,False
0.0,0.5,0.0,0.0,0.0576,0.7081,0.0,3e-05,0.84,True,True,False,False
0.0,0.5,0.0,0.5,0.1293,0.7169,0.0,3e-05,0.81,True,True,False,False
0.0,0.5,0.0,1.0,0.1835,0.7416,0.0,3e-05,0.81,True,True,False,False
0.0,0.5,0.0,1.5,0.207,0.7761,0.0,2e-05,0.81,True,True,False,False
0.0,0.5,0.0,2.0,0.194,0.8122,0.0,0.0,0.81,True,True,False,False
0.0,0.5,0.5,0.0,0.0577,0.708,0.0,3e-05,0.84,True,True,False,False
0.0,0.5,0.5,0.5,0.1205,0.687,0.0,3e-05,0.81,True,False,False,False
0.0,0.5,0.5,1.0,0.1679,0.6891,1e-05,3e-05,0.81,True,False,False,False
0.0,0.5,0.5,1.5,0.1864,0.7209,2e-05,7e-05,0.81,True,True,False,False
0.0,0.5,0.5,2.0,0.1812,0.7672,6e-05,2e-05,0.81,True,True,False,False
0.0,0.5,1.0,0.0,0.0577,0.7079,0.0,2e-05,0.84,True,True,False,False
0.0,0.5,1.0,0.5,0.0963,0.6645,0.0,2e-05,0.81,True,False,False,False
0.0,0.5,1.0,1.0,0.1254,0.6496,0.0,2e-05,0.81,True,False,False,False
0.0,0.5,1.0,1.5,0.1368,0.6765,0.0,6e-05,0.81,True,False,False,False
0.0,0.5,1.0,2.0,0.107,0.7018,0.00106,0.00018,315.08,True,True,False,False
0.0,0.5,1.5,0.0,0.0576,0.7078,0.0,2e-05,0.84,True,True,False,False
0.0,0.5,1.5,0.5,0.0626,0.6548,0.0,2e-05,0.81,True,False,False,False
0.0,0.5,1.5,1.0,0.0664,0.6327,0.0,2e-05,0.81,True,False,False,False
0.0,0.5,1.5,1.5,0.0661,0.6469,0.0,0.0,0.81,True,False,False,False
0.0,0.5,1.5,2.0,0.0661,0.694,0.0,0.0,0.81,True,True,False,False
0.0,0.5,2.0,0.0,0.0575,0.7079,0.0,2e-05,0.84,True,True,False,False
0.0,0.5,2.0,0.5,0.0277,0.6603,0.0,2e-05,0.81,True,False,False,False
0.0,0.5,2.0,1.0,0.0053,0.6424,0.0,2e-05,0.81,True,False,False,False
0.0,0.5,2.0,1.5,-0.0044,0.6584,0.0,1e-05,0.81,True,False,False,False
0.0,0.5,2.0,2.0,0.001,0.7046,0.0,0.0,0.81,True,True,False,False
0.0,1.0,-1.0,0.0,0.0575,0.5814,0.0,1e-05,0.81,True,False,False,False
0.0,1.0,-1.0,0.5,0.0955,0.6286,0.0,1e-05,0.81,True,False,False,False
0.0,1.0,-1.0,1.0,0.1175,0.6985,1e-05,4e-05,0.81,True,True,False,False
0.0,1.0,-1.0,1.5,0.1266,0.7728,1e-05,4e-05,0.81,True,True,False,False
0.0,1.0,-1.0,2.0,0.1281,0.8247,0.0,1e-05,0.81,True,True,False,False
0.0,1.0,-0.5,0.0,0.0575,0.5814,0.0,1e-05,0.81,True,False,False,False
0.0,1.0,-0.5,0.5,0.1061,0.6181,2e-05,3e-05,0.81,True,False,False,False
0.0,1.0,-0.5,1.0,0.1332,0.6681,3e-05,5e-05,0.81,True,False,False,False
0.0,1.0,-0.5,1.5,0.1809,0.7775,0.00041,0.00221,142.51,True,True,False,False
0.0,1.0,-0.5,2.0,0.1769,0.8224,8e-05,1e-05,1.21,True,True,False,False
0.0,1.0,0.0,0.0,0.0575,0.5814,0.0,1e-05,0.81,True,False,False,False
0.0,1.0,0.0,0.5,0.1035,0.6028,3e-05,3e-05,0.81,True,False,False,False
0.0,1.0,0.0,1.0,0.1272,0.636,0.00023,0.00067,1.3,True,False,False,False
0.0,1.0,0.0,1.5,0.2093,0.6998,8e-05,3e-05,640.38,True,True,False,False
0.0,1.0,0.0,2.0,0.1845,0.8079,0.00123,0.00063,0.81,True,True,False,False
0.0,1.0,0.5,0.0,0.0575,0.5814,0.0,1e-05,0.81,True,False,False,False
0.0,1.0,0.5,0.5,0.0902,0.5874,4e-05,3e-05,0.81,True,False,False,False
0.0,1.0,0.5,1.0,0.1092,0.609,0.00015,0.0004,1.07,True,False,False,False
0.0,1.0,0.5,1.5,0.1982,0.6995,0.0004,7e-05,638.85,True,True,False,False
0.0,1.0,0.5,2.0,0.1338,0.7783,6e-05,1e-05,0.81,True,True,False,False
0.0,1.0,1.0,0.0,0.0575,0.5813,0.0,1e-05,0.81,True,False,False,False
0.0,1.0,1.0,0.5,0.0714,0.5729,4e-05,3e-05,0.81,True,False,False,False
0.0,1.0,1.0,1.0,0.0559,0.5739,0.0,2e-05,0.81,True,False,False,False
0.0,1.0,1.0,1.5,0.0516,0.6199,1e-05,0.0001,0.81,True,False,False,False
0.0,1.0,1.0,2.0,0.1466,0.7012,0.00019,3e-05,657.35,True,True,False,False
0.0,1.0,1.5,0.0,0.0575,0.5813,0.0,1e-05,0.81,True,False,False,False
0.0,1.0,1.5,0.5,0.0625,0.5588,0.0,0.0,0.81,True,False,False,False
0.0,1.0,1.5,1.0,0.0652,0.5771,0.0,5e-05,1.63,True,False,False,False
0.0,1.0,1.5,1.5,0.0659,0.6193,0.0,0.0,0.81,True,False,False,False
0.0,1.0,1.5,2.0,0.0649,0.6899,5e-05,0.00029,0.9,True,False,False,False
0.0,1.0,2.0,0.0,0.0574,0.5813,0.0,1e-05,0.81,True,False,False,False
0.0,1.0,2.0,0.5,0.0277,0.5622,0.0,1e-05,0.81,True,False,False,False
0.0,1.0,2.0,1.0,0.0053,0.5786,0.0,0.0,0.81,True,False,False,False
0.0,1.0,2.0,1.5,-0.0044,0.6266,0.0,0.0,0.81,True,False,False,False
0.0,1.0,2.0,2.0,-0.0263,0.6983,0.0,1e-05,0.81,True,True,False,False
0.0,1.5,-1.0,0.0,0.0571,0.5279,0.0,0.0,0.81,True,False,False,False
0.0,1.5,-1.0,0.5,0.0605,0.5473,0.0,2e-05,0.81,True,False,False,False
0.0,1.5,-1.0,1.0,0.07,0.6071,6e-05,8e-05,0.81,True,False,False,False
0.0,1.5,-1.0,1.5,0.0821,0.6828,0.0003,0.0001,8.42,True,False,False,False
0.0,1.5,-1.0,2.0,0.0989,0.7747,9e-05,0.00023,0.81,True,True,False,False
0.0,1.5,-0.5,0.0,0.057,0.5279,0.0,0.0,0.81,True,False,False,False
0.0,1.5,-0.5,0.5,0.056,0.5416,0.0,2e-05,0.81,True,False,False,False
0.0,1.5,-0.5,1.0,0.0834,0.6167,0.0001,3e-05,0.81,True,False,False,False
0.0,1.5,-0.5,1.5,0.1846,0.6944,9e-05,0.00032,786.0,True,True,False,False
0.0,1.5,-0.5,2.0,0.1183,0.7843,0.00016,0.00023,1.11,True,True,False,False
0.0,1.5,0.0,0.0,0.0568,0.5279,0.0,0.0,0.81,True,False,False,False
0.0,1.5,0.0,0.5,0.0547,0.5365,0.0,0.0,3.66,True,False,False,False
0.0,1.5,0.0,1.0,0.0416,0.5669,1e-05,5e-05,0.82,True,False,False,False
0.0,1.5,0.0,1.5,0.214,0.693,0.00017,0.00048,730.45,True,True,False,False
0.0,1.5,0.0,2.0,0.1193,0.7723,0.0004,0.00036,1.83,True,True,False,False
0.0,1.5,0.5,0.0,0.0567,0.5279,0.0,0.0,0.81,True,False,False,False
0.0,1.5,0.5,0.5,0.0569,0.5359,1e-05,1e-05,0.84,True,False,False,False
0.0,1.5,0.5,1.0,0.0408,0.5934,0.00015,8e-05,4.02,True,False,False,False
0.0,1.5,0.5,1.5,0.1883,0.6886,0.00027,0.00061,587.82,True,False,False,False
0.0,1.5,0.5,2.0,0.1196,0.7752,0.00031,0.00036,1.21,True,True,False,False
0.0,1.5,1.0,0.0,0.0567,0.5279,0.0,0.0,0.81,True,False,False,False
0.0,1.5,1.0,0.5,0.0623,0.537,0.00031,7e-05,3.52,True,False,False,False
0.0,1.5,1.0,1.0,0.0577,0.5832,8e-05,3e-05,0.89,True,False,False,False
0.0,1.5,1.0,1.5,0.1778,0.6827,0.00037,0.0003,412.29,True,False,False,False
0.0,1.5,1.0,2.0,0.1196,0.775,0.00028,0.00028,3.89,True,True,False,False
0.0,1.5,1.5,0.0,0.0568,0.5279,0.0,0.0,0.81,True,False,False,False
0.0,1.5,1.5,0.5,0.0624,0.5919,7e-05,5e-05,0.81,True,False,False,False
0.0,1.5,1.5,1.0,0.0658,0.5806,6e-05,6e-05,0.82,True,False,False,False
0.0,1.5,1.5,1.5,0.0645,0.5861,0.0,0.00026,0.82,True,False,False,False
0.0,1.5,1.5,2.0,0.1247,0.7804,0.00056,0.00046,5.61,True,True,False,False
0.0,1.5,2.0,0.0,0.0568,0.5279,0.0,0.0,0.81,True,False,False,False
0.0,1.5,2.0,0.5,-0.0124,0.5484,5e-05,1e-05,0.82,True,False,False,False
0.0,1.5,2.0,1.0,0.0097,0.5774,4e-05,1e-05,0.81,True,False,False,False
0.0,1.5,2.0,1.5,0.0063,0.5899,0.0,0.0003,0.81,True,False,False,False
0.0,1.5,2.0,2.0,-0.0598,0.7415,3e-05,0.00027,0.81,True,True,False,False
